PLAYER_ID,PLAYER_NAME,TEAM_ID,TEAM_ABBREVIATION,AGE,GP,W,L,W_PCT,MIN,FGM,FGA,FG_PCT,FG3M,FG3A,FG3_PCT,FTM,FTA,FT_PCT,OREB,DREB,REB,AST,TOV,STL,BLK,BLKA,PF,PFD,PTS,PLUS_MINUS,DD2,TD3,CFID,CFPARAMS
201166,Aaron Brooks,1610612741,CHI,30.0,3,2,1,0.667,17.8,3.0,7.7,0.391,1.3,4.7,0.286,2.3,3.3,0.7,0.0,1.3,1.3,2.7,2.3,0.7,0.0,0.0,2.0,3.0,9.7,3.7,0,0,5,"201166,1610612741"
1626151,Aaron Harrison,1610612766,CHA,20.0,2,2,0,1.0,14.5,1.0,3.0,0.333,0.5,1.5,0.333,0.0,0.0,0.0,0.0,0.0,0.0,0.5,1.0,0.5,0.0,0.0,1.5,0.0,2.5,-1.5,0,0,5,"1626151,1610612766"
203940,Adreian Payne,1610612750,MIN,24.0,1,0,1,0.0,12.6,2.0,5.0,0.4,0.0,1.0,0.0,0.0,0.0,0.0,2.0,2.0,4.0,1.0,0.0,1.0,0.0,1.0,1.0,0.0,4.0,-8.0,0,0,5,"203940,1610612750"
201143,Al Horford,1610612737,ATL,29.0,2,2,0,1.0,20.6,4.5,9.5,0.474,1.5,3.0,0.5,2.0,2.0,1.0,2.0,4.5,6.5,1.0,2.5,0.5,0.5,0.5,1.5,2.0,12.5,7.5,0,0,5,"201143,1610612737"
2744,Al Jefferson,1610612766,CHA,30.0,2,2,0,1.0,23.2,3.0,7.5,0.4,0.0,0.5,0.0,0.0,0.0,0.0,0.0,7.5,7.5,0.0,0.5,1.5,0.5,0.0,1.5,1.0,6.0,4.5,0,0,5,"2744,1610612766"
202329,Al-Farouq Aminu,1610612757,POR,25.0,2,1,1,0.5,27.6,5.0,10.5,0.476,1.5,4.0,0.375,0.0,0.0,0.0,2.5,4.5,7.0,1.0,5.0,0.5,1.0,1.0,4.0,0.5,11.5,-3.0,0,0,5,"202329,1610612757"
202692,Alec Burks,1610612762,UTA,24.0,3,2,1,0.667,27.6,3.7,8.3,0.44,0.3,0.3,1.0,3.3,5.3,0.625,0.7,4.3,5.0,3.7,1.7,1.0,0.3,1.3,2.3,3.7,11.0,3.3,0,0,5,"202692,1610612762"
203458,Alex Len,1610612756,PHX,22.0,2,2,0,1.0,19.6,4.5,7.5,0.6,0.0,0.0,0.0,4.5,5.0,0.9,1.0,5.5,6.5,1.0,0.0,1.0,2.5,0.0,1.0,3.5,13.5,9.5,0,0,5,"203458,1610612756"
201582,Alexis Ajinca,1610612740,NOP,27.0,1,1,0,1.0,8.2,1.0,2.0,0.5,0.0,0.0,0.0,0.0,0.0,0.0,2.0,2.0,4.0,0.0,0.0,0.0,0.0,0.0,1.0,0.0,2.0,7.0,0,0,5,"201582,1610612740"
203459,Allen Crabbe,1610612757,POR,23.0,3,1,2,0.333,24.6,6.7,10.3,0.645,2.3,4.0,0.583,1.0,1.7,0.6,0.7,0.7,1.3,2.3,1.3,1.0,0.0,0.0,2.3,1.0,16.7,4.3,0,0,5,"203459,1610612757"
202087,Alonzo Gee,1610612740,NOP,28.0,1,0,1,0.0,20.8,3.0,5.0,0.6,1.0,1.0,1.0,2.0,2.0,1.0,0.0,5.0,5.0,2.0,0.0,1.0,0.0,1.0,2.0,2.0,9.0,-11.0,0,0,5,"202087,1610612740"
2405,Amar'e Stoudemire,1610612748,MIA,32.0,2,0,2,0.0,17.5,3.5,8.5,0.412,0.0,0.0,0.0,3.0,3.0,1.0,2.0,3.0,5.0,0.0,0.5,0.0,1.5,1.0,2.0,3.0,10.0,-3.0,0,0,5,"2405,1610612748"
101161,Amir Johnson,1610612738,BOS,28.0,1,1,0,1.0,15.6,3.0,4.0,0.75,0.0,0.0,0.0,0.0,0.0,0.0,0.0,5.0,5.0,3.0,0.0,1.0,1.0,0.0,2.0,0.0,6.0,15.0,0,0,5,"101161,1610612738"
2760,Anderson Varejao,1610612739,CLE,33.0,3,0,3,0.0,14.1,3.3,5.3,0.625,0.0,0.0,0.0,1.3,1.3,1.0,1.3,2.7,4.0,2.0,2.0,0.7,0.3,0.0,1.0,1.3,8.0,-8.3,0,0,5,"2760,1610612739"
203083,Andre Drummond,1610612765,DET,22.0,3,1,2,0.333,27.9,7.0,12.3,0.568,0.0,0.0,0.0,1.7,4.3,0.385,3.0,6.0,9.0,1.3,1.7,0.7,0.7,0.3,3.3,4.0,15.7,2.7,1,0,5,"203083,1610612765"
2738,Andre Iguodala,1610612744,GSW,31.0,2,1,1,0.5,15.6,0.5,3.5,0.143,0.5,2.0,0.25,0.5,1.0,0.5,0.0,0.0,0.0,2.0,2.0,1.0,0.5,0.0,1.0,0.5,2.0,-7.0,0,0,5,"2738,1610612744"
1889,Andre Miller,1610612750,MIN,39.0,1,0,1,0.0,8.7,2.0,2.0,1.0,0.0,0.0,0.0,0.0,0.0,0.0,1.0,1.0,2.0,2.0,1.0,0.0,0.0,0.0,0.0,1.0,4.0,5.0,0,0,5,"1889,1610612750"
203460,Andre Roberson,1610612760,OKC,23.0,2,2,0,1.0,21.7,1.5,2.0,0.75,0.5,1.0,0.5,0.0,0.0,0.0,0.5,1.5,2.0,1.0,0.0,3.0,0.5,0.0,1.5,1.0,3.5,15.5,0,0,5,"203460,1610612760"
101106,Andrew Bogut,1610612744,GSW,30.0,2,1,1,0.5,19.7,2.0,3.0,0.667,0.0,0.0,0.0,0.0,0.0,0.0,0.5,3.0,3.5,3.5,1.0,0.5,1.5,0.0,3.0,1.5,4.0,10.0,0,0,5,"101106,1610612744"
203094,Andrew Nicholson,1610612753,ORL,25.0,4,2,2,0.5,10.3,2.8,5.0,0.55,0.8,1.5,0.5,1.0,1.5,0.667,0.8,2.3,3.0,0.5,0.0,0.0,0.0,0.0,0.8,1.3,7.3,0.0,0,0,5,"203094,1610612753"
203952,Andrew Wiggins,1610612750,MIN,20.0,2,0,2,0.0,22.5,2.0,7.5,0.267,0.5,1.0,0.5,3.5,5.0,0.7,0.5,0.5,1.0,1.0,1.0,0.0,0.0,0.0,0.0,4.0,8.0,-18.0,0,0,5,"203952,1610612750"
203461,Anthony Bennett,1610612761,TOR,22.0,2,1,1,0.5,11.5,1.5,5.5,0.273,0.5,2.5,0.2,1.0,1.0,1.0,0.5,1.0,1.5,1.0,0.0,0.0,0.0,0.5,1.0,1.0,4.5,-5.5,0,0,5,"203461,1610612761"
1626148,Anthony Brown,1610612747,LAL,23.0,3,1,2,0.333,13.1,0.7,1.7,0.4,0.3,0.7,0.5,0.0,0.0,0.0,0.0,0.3,0.3,0.0,0.3,0.0,0.0,0.0,1.7,0.3,1.7,1.0,0,0,5,"1626148,1610612747"
203076,Anthony Davis,1610612740,NOP,22.0,2,1,1,0.5,20.7,8.0,16.0,0.5,1.0,1.5,0.667,2.0,4.0,0.5,2.5,4.0,6.5,1.0,0.5,0.0,1.5,0.0,1.5,2.5,19.0,7.5,0,0,5,"203076,1610612740"
201627,Anthony Morrow,1610612760,OKC,30.0,2,2,0,1.0,15.3,3.5,7.5,0.467,2.0,5.0,0.4,0.0,0.5,0.0,0.0,1.0,1.0,0.0,0.5,0.0,0.0,0.0,1.0,0.5,9.0,7.5,0,0,5,"201627,1610612760"
201229,Anthony Tolliver,1610612765,DET,30.0,3,1,2,0.333,15.1,1.0,4.0,0.25,1.0,3.7,0.273,0.7,0.7,1.0,0.0,1.7,1.7,1.7,0.7,0.3,0.3,0.0,1.3,0.3,3.7,-1.7,0,0,5,"201229,1610612765"
203462,Archie Goodwin,1610612756,PHX,21.0,2,2,0,1.0,14.4,2.0,3.0,0.667,0.0,0.0,0.0,1.0,1.0,1.0,0.0,0.0,0.0,1.5,0.5,2.0,0.0,0.5,0.5,1.5,5.0,4.0,0,0,5,"203462,1610612756"
203529,Arsalan Kazemi,1610612737,ATL,25.0,1,1,0,1.0,2.7,0.0,0.0,0.0,0.0,0.0,0.0,0.0,0.0,0.0,0.0,1.0,1.0,0.0,0.0,0.0,0.0,0.0,0.0,0.0,0.0,-4.0,0,0,5,"203529,1610612737"
201948,Austin Daye,1610612739,CLE,27.0,3,0,3,0.0,14.2,2.7,6.0,0.444,2.0,3.7,0.545,1.3,1.3,1.0,0.3,4.0,4.3,1.3,1.0,0.3,1.0,0.0,3.0,1.3,8.7,-3.3,0,0,5,"201948,1610612739"
203085,Austin Rivers,1610612746,LAC,23.0,2,1,1,0.5,20.3,2.0,5.5,0.364,0.5,2.5,0.2,2.5,3.5,0.714,0.0,0.5,0.5,1.0,1.5,2.0,0.0,0.0,3.0,3.0,7.0,-11.0,0,0,5,"203085,1610612746"
202340,Avery Bradley,1610612738,BOS,24.0,2,2,0,1.0,20.0,5.5,10.0,0.55,3.5,4.0,0.875,1.0,1.0,1.0,0.5,2.0,2.5,3.0,0.5,1.0,0.0,0.0,1.5,1.0,15.5,10.5,0,0,5,"202340,1610612738"
2732,Ben Gordon,1610612744,GSW,32.0,2,1,1,0.5,8.3,0.5,2.0,0.25,0.0,1.0,0.0,0.0,0.0,0.0,0.0,0.5,0.5,1.0,1.5,0.0,0.0,0.0,0.5,0.0,1.0,-3.0,0,0,5,"2732,1610612744"
203463,Ben McLemore,1610612758,SAC,22.0,4,3,1,0.75,18.9,1.0,4.5,0.222,0.3,1.8,0.143,2.5,2.8,0.909,0.3,1.0,1.3,1.0,0.8,1.0,0.0,0.3,1.5,1.8,4.8,3.5,0,0,5,"203463,1610612758"
2757,Beno Udrih,1610612763,MEM,33.0,3,3,0,1.0,11.4,0.3,3.3,0.1,0.0,0.7,0.0,2.3,2.7,0.875,0.0,1.0,1.0,2.3,2.7,0.7,0.0,0.7,1.3,3.0,3.0,1.3,0,0,5,"2757,1610612763"
202687,Bismack Biyombo,1610612761,TOR,23.0,3,2,1,0.667,18.2,1.0,4.0,0.25,0.0,0.0,0.0,1.3,2.0,0.667,2.0,3.3,5.3,0.7,1.0,0.3,0.3,1.0,2.3,1.7,3.3,1.7,0,0,5,"202687,1610612761"
201933,Blake Griffin,1610612746,LAC,26.0,3,1,2,0.333,26.7,5.3,13.7,0.39,0.0,0.7,0.0,2.0,3.0,0.667,0.7,5.0,5.7,4.3,1.7,0.3,0.3,1.0,1.3,4.7,12.7,3.3,1,0,5,"201933,1610612746"
1626246,Boban Marjanovic,1610612759,SAS,27.0,2,0,2,0.0,12.5,1.0,2.5,0.4,0.0,0.0,0.0,0.0,0.0,0.0,1.5,0.5,2.0,0.0,2.5,0.5,1.5,0.5,1.0,0.0,2.0,-1.0,0,0,5,"1626246,1610612759"
1626171,Bobby Portis,1610612741,CHI,20.0,3,2,1,0.667,24.1,3.3,11.3,0.294,0.3,1.7,0.2,3.0,3.7,0.818,5.0,7.7,12.7,1.7,2.0,0.7,0.7,0.3,4.0,3.7,10.0,8.7,1,0,5,"1626171,1610612741"
202711,Bojan Bogdanovic,1610612751,BKN,26.0,1,0,1,0.0,17.1,0.0,4.0,0.0,0.0,2.0,0.0,3.0,4.0,0.75,0.0,0.0,0.0,0.0,1.0,1.0,0.0,1.0,0.0,2.0,3.0,-3.0,0,0,5,"202711,1610612751"
203078,Bradley Beal,1610612764,WAS,22.0,3,2,1,0.667,23.5,6.7,12.3,0.541,1.3,4.3,0.308,1.3,1.3,1.0,1.0,3.0,4.0,2.3,2.7,0.7,0.3,0.3,2.0,1.7,16.0,9.0,0,0,5,"203078,1610612764"
201148,Brandan Wright,1610612763,MEM,28.0,3,3,0,1.0,16.8,3.3,6.7,0.5,0.0,0.0,0.0,0.7,0.7,1.0,2.0,3.7,5.7,0.7,1.0,0.7,1.3,0.0,2.3,0.7,7.3,8.0,0,0,5,"201148,1610612763"
1626183,Branden Dawson,1610612746,LAC,22.0,1,0,1,0.0,8.9,2.0,6.0,0.333,0.0,0.0,0.0,0.0,0.0,0.0,0.0,2.0,2.0,0.0,0.0,0.0,0.0,0.0,0.0,0.0,4.0,-2.0,0,0,5,"1626183,1610612746"
1626165,Brandon Ashley,1610612742,DAL,21.0,2,0,2,0.0,10.7,0.0,2.0,0.0,0.0,1.5,0.0,0.0,0.0,0.0,0.0,1.5,1.5,1.0,0.5,0.0,0.0,0.0,0.0,0.0,0.0,-3.0,0,0,5,"1626165,1610612742"
101138,Brandon Bass,1610612747,LAL,30.0,2,0,2,0.0,20.5,3.0,6.5,0.462,0.0,0.0,0.0,2.0,2.5,0.8,1.0,3.0,4.0,0.0,2.0,1.0,0.5,0.0,3.5,3.0,8.0,-2.0,0,0,5,"101138,1610612747"
202688,Brandon Knight,1610612756,PHX,23.0,2,2,0,1.0,24.0,4.5,11.0,0.409,2.5,6.0,0.417,0.0,0.0,0.0,0.5,3.0,3.5,4.5,2.0,2.0,0.0,0.0,0.0,1.5,11.5,0.5,0,0,5,"202688,1610612756"
201575,Brandon Rush,1610612744,GSW,30.0,2,1,1,0.5,15.1,1.0,2.5,0.4,0.5,1.5,0.333,0.0,0.0,0.0,0.5,2.5,3.0,0.5,2.0,0.5,0.0,0.0,2.0,0.0,2.5,-5.5,0,0,5,"201575,1610612744"
203148,Brian Roberts,1610612766,CHA,29.0,3,3,0,1.0,19.3,3.7,6.3,0.579,1.0,2.0,0.5,2.7,2.7,1.0,0.7,2.0,2.7,3.3,1.7,0.7,0.0,0.0,0.7,2.3,11.0,8.7,0,0,5,"203148,1610612766"
201572,Brook Lopez,1610612751,BKN,27.0,3,1,2,0.333,24.6,5.3,11.7,0.457,0.3,1.0,0.333,5.0,7.3,0.682,0.7,4.3,5.0,1.0,0.7,0.3,2.7,0.0,1.3,4.7,16.0,-4.7,0,0,5,"201572,1610612751"
203998,Bruno Caboclo,1610612761,TOR,20.0,3,2,1,0.667,15.0,0.3,2.3,0.143,0.0,1.7,0.0,1.3,1.7,0.8,0.3,0.7,1.0,0.0,0.7,0.0,0.7,0.3,2.0,1.0,2.0,2.7,0,0,5,"203998,1610612761"
203955,Bryce Cotton,1610612762,UTA,23.0,1,0,1,0.0,17.4,3.0,10.0,0.3,0.0,2.0,0.0,2.0,3.0,0.667,1.0,2.0,3.0,1.0,2.0,1.0,0.0,1.0,0.0,2.0,8.0,-6.0,0,0,5,"203955,1610612762"
1626214,Bryce Dejean-Jones,1610612740,NOP,23.0,2,1,1,0.5,17.4,2.5,7.0,0.357,1.0,1.5,0.667,0.5,1.0,0.5,0.0,1.0,1.0,1.5,0.5,0.5,0.5,2.5,1.5,1.5,6.5,-6.0,0,0,5,"1626214,1610612740"
1962937009,C.J. Fair,1610612754,IND,115.0,1,0,1,0.0,4.0,1.0,2.0,0.5,0.0,0.0,0.0,0.0,0.0,0.0,2.0,2.0,4.0,0.0,0.0,0.0,1.0,1.0,0.0,0.0,2.0,5.0,0,0,5,"1962937009,1610612754"
203927,CJ Fair,1610612754,IND,24.0,2,2,0,1.0,11.8,0.0,1.0,0.0,0.0,0.5,0.0,0.0,0.0,0.0,0.5,3.0,3.5,0.5,0.5,0.0,0.0,0.0,0.0,0.0,0.0,4.5,0,0,5,"203927,1610612754"
203468,CJ McCollum,1610612757,POR,24.0,3,1,2,0.333,26.1,6.7,14.7,0.455,2.3,5.0,0.467,2.3,3.3,0.7,0.3,0.0,0.3,4.3,1.0,1.0,0.3,0.7,1.3,2.3,18.0,9.7,0,0,5,"203468,1610612757"
101139,CJ Miles,1610612754,IND,28.0,3,2,1,0.667,15.3,3.7,10.0,0.367,1.7,6.3,0.263,1.0,1.7,0.6,0.3,1.3,1.7,0.0,0.7,0.3,0.0,0.0,1.0,1.0,10.0,4.7,0,0,5,"101139,1610612754"
201228,CJ Watson,1610612753,ORL,31.0,3,2,1,0.667,24.8,2.3,7.0,0.333,0.7,3.0,0.222,1.0,1.3,0.75,0.3,2.7,3.0,5.3,2.0,2.0,1.0,0.3,2.3,2.3,6.3,8.3,0,0,5,"201228,1610612753"
203912,CJ Wilcox,1610612746,LAC,24.0,3,1,2,0.333,6.4,0.3,2.3,0.143,0.3,1.3,0.25,0.0,0.0,0.0,0.0,0.3,0.3,0.3,0.7,0.3,0.0,0.3,0.7,0.0,1.0,1.3,0,0,5,"203912,1610612746"
203946,Cameron Bairstow,1610612741,CHI,24.0,3,2,1,0.667,16.8,2.7,7.0,0.381,0.3,1.0,0.333,1.7,2.0,0.833,2.0,3.7,5.7,0.3,1.0,0.3,0.7,0.3,2.3,1.3,7.3,-2.0,0,0,5,"203946,1610612741"
1626166,Cameron Payne,1610612760,OKC,21.0,2,2,0,1.0,13.7,2.0,5.0,0.4,1.5,2.5,0.6,1.0,2.0,0.5,0.5,1.0,1.5,1.0,2.5,1.5,1.0,0.0,2.0,1.0,6.5,6.0,0,0,5,"1626166,1610612760"
2546,Carmelo Anthony,1610612752,NYK,31.0,2,2,0,1.0,22.6,9.0,12.5,0.72,1.0,2.5,0.4,0.0,0.0,0.0,2.0,1.5,3.5,2.5,2.0,0.0,0.5,0.0,1.5,0.5,19.0,0.5,0,0,5,"2546,1610612752"
2406,Caron Butler,1610612758,SAC,35.0,2,1,1,0.5,18.9,0.5,5.0,0.1,0.5,3.5,0.143,0.5,1.0,0.5,0.0,2.5,2.5,1.0,2.0,0.5,0.5,0.5,2.5,0.5,2.0,-12.5,0,0,5,"2406,1610612758"
101112,Channing Frye,1610612753,ORL,32.0,3,2,1,0.667,21.5,3.0,7.7,0.391,1.3,4.0,0.333,0.7,0.7,1.0,0.7,1.3,2.0,3.0,2.3,0.3,0.7,0.0,2.3,1.7,8.0,3.0,0,0,5,"101112,1610612753"
101236,Charles Hayes,1610612746,LAC,32.0,2,0,2,0.0,5.7,0.0,0.5,0.0,0.0,0.0,0.0,0.0,0.0,0.0,0.5,1.5,2.0,0.5,0.0,0.5,0.0,0.0,0.5,0.0,0.0,2.0,0,0,5,"101236,1610612746"
101111,Charlie Villanueva,1610612742,DAL,31.0,2,0,2,0.0,22.4,6.0,13.0,0.462,2.0,6.5,0.308,0.0,0.0,0.0,1.5,5.5,7.0,0.5,0.5,0.5,0.0,0.0,1.5,1.0,14.0,-11.5,0,0,5,"101111,1610612742"
203586,Charlie Westbrook,1610612749,MIL,26.0,1,0,1,0.0,8.9,1.0,3.0,0.333,0.0,1.0,0.0,2.0,4.0,0.5,0.0,3.0,3.0,1.0,0.0,1.0,0.0,0.0,2.0,4.0,4.0,-6.0,0,0,5,"203586,1610612749"
2365,Chris Andersen,1610612748,MIA,37.0,3,1,2,0.333,12.2,0.7,3.0,0.222,0.0,0.7,0.0,0.0,0.0,0.0,1.3,2.0,3.3,1.0,0.0,0.3,1.0,0.3,0.3,1.0,1.3,-5.7,0,0,5,"2365,1610612748"
203569,Chris Babb,1610612744,GSW,25.0,1,0,1,0.0,3.6,0.0,0.0,0.0,0.0,0.0,0.0,0.0,0.0,0.0,0.0,0.0,0.0,1.0,0.0,0.0,0.0,0.0,0.0,1.0,0.0,8.0,0,0,5,"203569,1610612744"
2547,Chris Bosh,1610612748,MIA,31.0,3,1,2,0.333,23.3,4.3,8.3,0.52,0.7,2.0,0.333,4.3,4.7,0.929,0.7,5.0,5.7,2.3,1.3,0.7,0.0,0.3,1.3,3.3,13.7,-4.7,0,0,5,"2547,1610612748"
202808,Chris Daniels,1610612751,BKN,31.0,2,1,1,0.5,16.1,3.0,8.0,0.375,1.5,5.5,0.273,0.5,1.0,0.5,1.0,3.5,4.5,1.0,2.0,0.5,1.5,0.0,2.5,2.5,8.0,4.5,0,0,5,"202808,1610612751"
201604,Chris Douglas-Roberts,1610612740,NOP,28.0,2,1,1,0.5,15.4,2.5,4.5,0.556,0.5,0.5,1.0,2.5,3.5,0.714,0.0,0.0,0.0,0.5,1.0,1.0,0.0,1.0,0.0,3.0,8.0,-3.0,0,0,5,"201604,1610612740"
202419,Chris Johnson,1610612739,CLE,30.0,2,0,2,0.0,8.1,0.5,1.5,0.333,0.0,0.0,0.0,0.5,2.0,0.25,0.0,1.5,1.5,1.0,1.0,0.0,1.0,0.5,4.0,1.0,1.5,-1.0,0,0,5,"202419,1610612739"
203187,Chris Johnson,1610612762,UTA,25.0,1,0,1,0.0,11.6,1.0,4.0,0.25,1.0,3.0,0.333,0.0,0.0,0.0,0.0,1.0,1.0,0.0,1.0,1.0,0.0,0.0,0.0,0.0,3.0,-9.0,0,0,5,"203187,1610612762"
2549,Chris Kaman,1610612757,POR,33.0,1,1,0,1.0,5.8,1.0,5.0,0.2,0.0,0.0,0.0,0.0,0.0,0.0,0.0,2.0,2.0,0.0,2.0,0.0,1.0,0.0,2.0,0.0,2.0,-3.0,0,0,5,"2549,1610612757"
101108,Chris Paul,1610612746,LAC,30.0,2,1,1,0.5,23.2,3.5,9.0,0.389,1.0,3.0,0.333,1.5,2.0,0.75,1.0,2.0,3.0,8.5,2.0,0.5,0.0,0.0,1.0,1.5,9.5,3.5,0,0,5,"101108,1610612746"
1626217,Chris Walker,1610612745,HOU,20.0,1,1,0,1.0,8.4,2.0,3.0,0.667,0.0,0.0,0.0,0.0,0.0,0.0,1.0,2.0,3.0,0.0,1.0,0.0,2.0,0.0,0.0,1.0,4.0,8.0,0,0,5,"1626217,1610612745"
1626174,Christian Wood,1610612755,PHI,20.0,3,2,1,0.667,9.5,2.0,4.0,0.5,0.0,0.7,0.0,0.3,0.7,0.5,0.3,2.0,2.3,0.0,0.0,0.3,0.3,0.3,1.3,1.0,4.3,3.7,0,0,5,"1626174,1610612755"
203921,Cleanthony Early,1610612752,NYK,24.0,2,2,0,1.0,17.5,1.5,4.0,0.375,0.5,1.5,0.333,2.0,2.0,1.0,0.0,4.0,4.0,0.5,1.5,0.0,0.0,0.0,3.0,1.5,5.5,8.5,0,0,5,"203921,1610612752"
203991,Clint Capela,1610612745,HOU,21.0,3,1,2,0.333,24.0,3.0,5.3,0.563,0.0,0.0,0.0,2.0,3.7,0.545,2.7,7.0,9.7,1.3,1.7,1.0,1.0,0.7,2.0,3.3,8.0,12.3,1,0,5,"203991,1610612745"
203469,Cody Zeller,1610612766,CHA,23.0,3,3,0,1.0,22.0,4.0,4.0,1.0,1.0,1.0,1.0,2.3,4.3,0.538,1.3,5.3,6.7,1.3,1.0,1.3,0.0,0.0,2.3,3.7,11.3,4.0,1,0,5,"203469,1610612766"
202332,Cole Aldrich,1610612746,LAC,26.0,2,0,2,0.0,6.8,0.0,0.5,0.0,0.0,0.0,0.0,1.0,1.0,1.0,1.0,1.5,2.5,0.5,1.0,0.0,0.0,0.0,1.5,1.0,1.0,-4.0,0,0,5,"202332,1610612746"
201147,Corey Brewer,1610612745,HOU,29.0,3,1,2,0.333,19.3,4.7,9.7,0.483,0.7,3.3,0.2,5.7,6.7,0.85,0.0,2.3,2.3,1.3,1.3,1.7,0.0,0.7,1.3,4.3,15.7,0.7,0,0,5,"201147,1610612745"
1626290,Corey Webster,1610612740,NOP,26.0,2,1,1,0.5,8.3,0.5,2.5,0.2,0.0,0.0,0.0,0.0,0.0,0.0,0.0,0.5,0.5,2.0,1.0,0.5,0.0,0.0,0.5,0.0,1.0,-3.0,0,0,5,"1626290,1610612740"
203928,Cory Jefferson,1610612756,PHX,24.0,1,1,0,1.0,7.3,2.0,4.0,0.5,0.0,0.0,0.0,0.0,0.0,0.0,0.0,0.0,0.0,0.0,0.0,1.0,1.0,0.0,2.0,0.0,4.0,-5.0,0,0,5,"203928,1610612756"
202709,Cory Joseph,1610612761,TOR,24.0,3,2,1,0.667,20.7,4.0,8.3,0.48,0.3,0.7,0.5,1.3,2.7,0.5,0.3,1.3,1.7,2.0,1.0,0.7,0.0,1.0,1.7,3.7,9.7,-1.0,0,0,5,"202709,1610612761"
201584,Courtney Lee,1610612763,MEM,30.0,3,3,0,1.0,21.3,4.0,6.7,0.6,1.7,2.7,0.625,1.3,1.3,1.0,0.3,2.0,2.3,1.3,0.3,1.0,0.0,0.3,1.7,0.0,11.0,6.7,0,0,5,"201584,1610612763"
1626245,Cristiano Felicio,1610612741,CHI,23.0,3,2,1,0.667,10.9,1.3,2.3,0.571,0.3,0.3,1.0,0.3,0.7,0.5,2.0,1.7,3.7,1.0,1.0,0.7,0.3,0.0,1.3,0.3,3.3,0.0,0,0,5,"1626245,1610612741"
1626156,D'Angelo Russell,1610612747,LAL,19.0,3,1,2,0.333,14.6,1.3,3.3,0.4,0.7,1.7,0.4,0.0,0.0,0.0,0.0,2.0,2.0,4.7,1.3,0.3,0.0,0.0,1.0,0.7,3.3,5.3,0,0,5,"1626156,1610612747"
201571,D.J. Augustin,1610612760,OKC,27.0,2,2,0,1.0,14.1,1.5,6.0,0.25,0.0,1.5,0.0,0.5,1.0,0.5,0.5,1.5,2.0,4.0,1.5,0.5,0.0,1.0,0.0,1.5,3.5,2.0,0,0,5,"201571,1610612760"
203474,DJ Stephens,1610612739,CLE,24.0,1,0,1,0.0,16.6,5.0,9.0,0.556,1.0,2.0,0.5,0.0,0.0,0.0,1.0,1.0,2.0,0.0,2.0,0.0,0.0,0.0,1.0,1.0,11.0,-7.0,0,0,5,"203474,1610612739"
201969,DaJuan Summers,1610612752,NYK,27.0,1,1,0,1.0,2.9,0.0,1.0,0.0,0.0,0.0,0.0,0.0,0.0,0.0,0.0,0.0,0.0,0.0,0.0,0.0,0.0,0.0,0.0,0.0,0.0,-2.0,0,0,5,"201969,1610612752"
2563,Dahntay Jones,1610612751,BKN,34.0,2,1,1,0.5,20.3,1.5,3.0,0.5,0.5,1.0,0.5,0.0,0.0,0.0,0.0,1.0,1.0,1.0,1.0,0.5,0.5,0.5,1.0,1.5,3.5,-0.5,0,0,5,"2563,1610612751"
203081,Damian Lillard,1610612757,POR,25.0,2,1,1,0.5,26.2,5.0,16.5,0.303,1.0,5.5,0.182,8.5,9.5,0.895,1.0,2.5,3.5,3.0,0.5,2.0,0.0,2.5,2.5,5.0,19.5,4.0,0,0,5,"203081,1610612757"
203996,Damien Inglis,1610612749,MIL,20.0,2,0,2,0.0,23.4,3.5,7.5,0.467,0.5,1.5,0.333,3.0,4.5,0.667,1.0,6.5,7.5,0.5,1.0,0.5,1.0,0.0,4.0,3.5,10.5,-12.0,0,0,5,"203996,1610612749"
204014,Damjan Rudez,1610612750,MIN,29.0,2,0,2,0.0,22.8,2.5,4.5,0.556,2.5,4.0,0.625,0.5,2.0,0.25,0.0,0.5,0.5,0.5,0.0,1.0,0.0,0.0,1.5,2.0,8.0,5.0,0,0,5,"204014,1610612750"
201568,Danilo Gallinari,1610612743,DEN,27.0,2,2,0,1.0,23.9,2.5,8.0,0.313,0.5,3.0,0.167,4.0,4.5,0.889,0.0,3.5,3.5,3.0,2.0,1.0,0.0,0.5,0.5,4.5,9.5,9.5,0,0,5,"201568,1610612743"
201980,Danny Green,1610612759,SAS,28.0,2,0,2,0.0,20.1,2.0,6.5,0.308,0.5,4.5,0.111,1.5,1.5,1.0,0.5,2.0,2.5,1.0,1.0,1.0,0.5,0.0,2.0,1.0,6.0,-0.5,0,0,5,"201980,1610612759"
201967,Dante Cunningham,1610612740,NOP,28.0,2,1,1,0.5,19.6,1.0,5.0,0.2,0.0,2.0,0.0,2.0,3.0,0.667,2.0,3.0,5.0,2.0,1.0,1.0,0.5,1.0,4.0,2.5,4.0,10.0,0,0,5,"201967,1610612740"
1626276,Darion Atkins,1610612752,NYK,23.0,1,1,0,1.0,1.8,0.0,1.0,0.0,0.0,0.0,0.0,0.0,0.0,0.0,0.0,0.0,0.0,0.0,0.0,0.0,0.0,1.0,1.0,0.0,0.0,-1.0,0,0,5,"1626276,1610612752"
201954,Darren Collison,1610612758,SAC,28.0,4,3,1,0.75,26.5,4.5,8.5,0.529,1.5,3.0,0.5,3.8,4.5,0.833,0.8,2.8,3.5,5.3,2.5,1.5,0.0,0.5,1.8,3.5,14.3,-1.5,1,0,5,"201954,1610612758"
1626199,Darrun Hilliard,1610612765,DET,22.0,1,1,0,1.0,4.1,0.0,1.0,0.0,0.0,1.0,0.0,4.0,4.0,1.0,0.0,0.0,0.0,0.0,0.0,1.0,0.0,0.0,0.0,2.0,4.0,4.0,0,0,5,"1626199,1610612765"
101135,David Lee,1610612738,BOS,32.0,2,2,0,1.0,21.2,5.0,10.0,0.5,0.0,0.0,0.0,3.0,3.5,0.857,1.0,8.0,9.0,3.5,2.0,1.5,0.0,1.0,1.5,2.0,13.0,15.0,1,0,5,"101135,1610612738"
204065,David Stockton,1610612758,SAC,24.0,2,2,0,1.0,6.5,0.5,2.5,0.2,0.0,0.5,0.0,0.0,0.0,0.0,0.5,1.5,2.0,2.0,1.0,0.0,0.0,0.5,0.0,0.5,1.0,-4.0,0,0,5,"204065,1610612758"
2561,David West,1610612759,SAS,35.0,2,0,2,0.0,20.9,2.0,5.0,0.4,0.0,0.0,0.0,0.5,1.0,0.5,1.5,2.0,3.5,2.5,2.0,0.5,0.5,1.0,4.0,2.0,4.5,-10.5,0,0,5,"2561,1610612759"
201599,DeAndre Jordan,1610612746,LAC,27.0,3,1,2,0.333,26.0,4.0,5.0,0.8,0.0,0.0,0.0,1.0,2.3,0.429,0.3,9.7,10.0,0.0,1.0,1.0,2.0,0.0,2.7,3.0,9.0,6.7,1,0,5,"201599,1610612746"
201971,DeJuan Blair,1610612764,WAS,26.0,1,1,0,1.0,6.4,5.0,7.0,0.714,0.0,0.0,0.0,2.0,2.0,1.0,2.0,2.0,4.0,0.0,0.0,1.0,0.0,0.0,1.0,1.0,12.0,1.0,0,0,5,"201971,1610612764"
201942,DeMar DeRozan,1610612761,TOR,26.0,3,2,1,0.667,24.5,2.7,9.0,0.296,0.0,1.3,0.0,5.0,5.3,0.938,1.0,3.3,4.3,3.0,1.3,1.0,0.0,0.7,2.0,3.7,10.3,4.7,0,0,5,"201942,1610612761"
202326,DeMarcus Cousins,1610612758,SAC,25.0,4,3,1,0.75,23.6,5.8,14.0,0.411,0.3,2.5,0.1,5.8,7.5,0.767,1.8,6.3,8.0,0.8,3.0,2.0,0.5,1.0,3.3,7.8,17.5,5.0,1,0,5,"202326,1610612758"
201960,DeMarre Carroll,1610612761,TOR,29.0,3,2,1,0.667,22.4,4.3,8.7,0.5,2.0,4.0,0.5,2.3,2.3,1.0,1.0,2.0,3.0,1.0,1.7,0.7,0.0,1.0,2.7,1.3,13.0,4.0,0,0,5,"201960,1610612761"
203199,DeQuan Jones,1610612737,ATL,25.0,1,1,0,1.0,1.7,1.0,1.0,1.0,0.0,0.0,0.0,2.0,2.0,1.0,0.0,0.0,0.0,0.0,0.0,0.0,0.0,0.0,0.0,1.0,4.0,-1.0,0,0,5,"203199,1610612737"
1626153,Delon Wright,1610612761,TOR,23.0,3,2,1,0.667,11.7,0.3,3.0,0.111,0.0,0.3,0.0,0.0,0.0,0.0,0.3,2.0,2.3,1.0,1.0,0.7,0.0,0.3,0.7,0.7,0.7,-3.7,0,0,5,"1626153,1610612761"
203471,Dennis Schroder,1610612737,ATL,22.0,2,2,0,1.0,17.2,2.5,7.0,0.357,0.5,2.0,0.25,4.0,5.0,0.8,0.5,1.5,2.0,2.0,0.5,0.5,0.0,1.0,1.0,4.0,9.5,7.5,0,0,5,"203471,1610612737"
1626269,Denzel Livingston,1610612745,HOU,22.0,2,1,1,0.5,8.7,1.5,4.5,0.333,1.0,3.0,0.333,0.0,0.0,0.0,0.0,1.5,1.5,1.5,0.5,0.5,0.0,0.0,0.0,0.0,4.0,4.5,0,0,5,"1626269,1610612745"
202324,Derrick Favors,1610612762,UTA,24.0,2,1,1,0.5,25.2,6.5,13.5,0.481,0.0,0.0,0.0,1.5,3.0,0.5,3.5,4.5,8.0,0.5,1.0,1.5,1.0,1.5,3.0,2.5,14.5,5.0,0,0,5,"202324,1610612762"
202682,Derrick Williams,1610612752,NYK,24.0,2,2,0,1.0,17.9,4.5,7.5,0.6,0.5,3.0,0.167,5.0,6.5,0.769,1.0,3.0,4.0,0.5,2.5,0.5,0.0,0.0,1.5,4.5,14.5,5.5,0,0,5,"202682,1610612752"
203472,Deshaun Thomas,1610612759,SAS,24.0,1,0,1,0.0,10.0,0.0,3.0,0.0,0.0,2.0,0.0,1.0,2.0,0.5,0.0,1.0,1.0,0.0,1.0,0.0,1.0,0.0,1.0,1.0,1.0,-12.0,0,0,5,"203472,1610612759"
1626164,Devin Booker,1610612756,PHX,18.0,2,2,0,1.0,21.7,2.5,7.0,0.357,1.0,2.0,0.5,0.0,0.0,0.0,0.5,2.0,2.5,0.0,2.5,0.0,0.0,0.0,1.5,2.0,6.0,5.0,0,0,5,"1626164,1610612756"
2734,Devin Harris,1610612742,DAL,32.0,2,0,2,0.0,17.4,3.5,6.0,0.583,1.5,3.5,0.429,1.0,1.5,0.667,0.0,2.0,2.0,3.0,0.5,1.5,0.5,0.0,1.0,2.5,9.5,1.0,0,0,5,"2734,1610612742"
202464,Devin Sweetney,1610612743,DEN,27.0,1,1,0,1.0,3.9,0.0,1.0,0.0,0.0,1.0,0.0,1.0,2.0,0.5,1.0,1.0,2.0,0.0,0.0,0.0,0.0,0.0,1.0,1.0,1.0,-4.0,0,0,5,"202464,1610612743"
203906,Devyn Marble,1610612753,ORL,23.0,3,1,2,0.333,22.4,3.7,9.0,0.407,1.3,4.3,0.308,3.0,4.3,0.692,2.0,1.0,3.0,2.3,1.7,1.0,0.0,0.7,2.0,3.0,11.7,6.0,0,0,5,"203906,1610612753"
203473,Dewayne Dedmon,1610612753,ORL,26.0,3,1,2,0.333,15.2,1.0,3.3,0.3,0.0,0.0,0.0,1.0,1.3,0.75,0.7,2.7,3.3,0.7,1.0,0.0,0.7,0.3,2.0,0.7,3.0,-4.7,0,0,5,"203473,1610612753"
1626190,Dez Wells,1610612760,OKC,23.0,1,1,0,1.0,4.6,0.0,1.0,0.0,0.0,1.0,0.0,1.0,2.0,0.5,0.0,1.0,1.0,0.0,0.0,1.0,0.0,0.0,0.0,1.0,1.0,-4.0,0,0,5,"1626190,1610612760"
203079,Dion Waiters,1610612760,OKC,23.0,2,2,0,1.0,20.8,4.5,8.5,0.529,2.0,2.5,0.8,3.5,4.0,0.875,0.5,3.5,4.0,3.0,1.0,1.0,0.0,0.0,2.5,3.0,14.5,11.0,0,0,5,"203079,1610612760"
202388,Donald Sloan,1610612751,BKN,27.0,2,1,1,0.5,15.7,1.5,2.5,0.6,0.5,0.5,1.0,3.0,3.0,1.0,0.0,1.0,1.0,4.0,1.0,1.0,0.0,0.5,0.5,2.0,6.5,4.5,0,0,5,"202388,1610612751"
203926,Doug McDermott,1610612741,CHI,23.0,3,2,1,0.667,31.4,6.3,13.3,0.475,3.7,7.3,0.5,1.7,2.7,0.625,0.3,3.3,3.7,2.0,0.7,0.7,0.0,0.7,3.0,2.0,18.0,3.7,0,0,5,"203926,1610612741"
203110,Draymond Green,1610612744,GSW,25.0,2,1,1,0.5,22.4,3.0,6.5,0.462,1.0,3.0,0.333,2.5,3.5,0.714,0.0,7.0,7.0,4.5,1.5,1.5,0.0,0.0,2.5,3.0,9.5,8.5,0,0,5,"203110,1610612744"
2400,Drew Gooden,1610612764,WAS,34.0,2,2,0,1.0,18.0,4.0,7.0,0.571,2.5,5.0,0.5,1.0,1.5,0.667,0.0,6.0,6.0,0.0,0.0,0.0,0.5,0.0,3.5,0.5,11.5,19.5,0,0,5,"2400,1610612764"
2730,Dwight Howard,1610612745,HOU,29.0,1,0,1,0.0,23.3,2.0,8.0,0.25,0.0,0.0,0.0,1.0,4.0,0.25,4.0,7.0,11.0,0.0,0.0,0.0,2.0,1.0,1.0,3.0,5.0,3.0,0,0,5,"2730,1610612745"
2548,Dwyane Wade,1610612748,MIA,33.0,3,1,2,0.333,22.0,4.3,10.0,0.433,0.7,1.3,0.5,3.0,3.3,0.9,0.3,2.3,2.7,2.0,2.7,0.7,0.3,0.0,1.3,3.0,12.3,-3.7,0,0,5,"2548,1610612748"
202734,E'Twaun Moore,1610612741,CHI,26.0,3,2,1,0.667,26.0,4.0,10.0,0.4,1.3,3.3,0.4,0.7,1.3,0.5,0.7,1.7,2.3,3.0,1.3,0.7,0.3,0.3,3.0,1.7,10.0,-2.3,0,0,5,"202734,1610612741"
2853,Earl Barron,1610612737,ATL,34.0,1,1,0,1.0,1.9,0.0,0.0,0.0,0.0,0.0,0.0,0.0,0.0,0.0,0.0,1.0,1.0,0.0,0.0,0.0,0.0,0.0,0.0,0.0,0.0,0.0,0,0,5,"2853,1610612737"
202334,Ed Davis,1610612757,POR,26.0,3,1,2,0.333,20.7,1.7,5.7,0.294,0.0,0.0,0.0,2.3,3.0,0.778,2.0,6.0,8.0,1.0,1.0,1.0,1.3,1.7,2.0,2.0,5.7,0.3,0,0,5,"202334,1610612757"
1626293,Edgar Sosa,1610612737,ATL,27.0,1,1,0,1.0,2.2,0.0,0.0,0.0,0.0,0.0,0.0,0.0,0.0,0.0,0.0,0.0,0.0,1.0,1.0,0.0,0.0,0.0,0.0,0.0,0.0,-5.0,0,0,5,"1626293,1610612737"
203901,Elfrid Payton,1610612753,ORL,21.0,3,1,2,0.333,21.2,2.7,7.0,0.381,0.0,0.7,0.0,0.0,0.3,0.0,0.3,2.7,3.0,4.0,2.0,1.3,0.0,0.7,3.0,2.7,5.3,-3.0,0,0,5,"203901,1610612753"
202407,Elijah Millsap,1610612762,UTA,28.0,3,2,1,0.667,18.0,1.3,1.7,0.8,0.0,0.0,0.0,2.7,3.7,0.727,0.7,2.7,3.3,0.7,1.3,0.7,0.0,0.0,3.0,3.3,5.3,1.3,0,0,5,"202407,1610612762"
1626144,Emmanuel Mudiay,1610612743,DEN,19.0,3,2,1,0.667,30.0,4.7,14.3,0.326,1.3,4.0,0.333,1.7,2.3,0.714,0.3,2.3,2.7,5.0,5.7,1.0,0.3,0.0,2.3,2.0,12.3,0.3,0,0,5,"1626144,1610612743"
202683,Enes Kanter,1610612760,OKC,23.0,2,2,0,1.0,22.8,5.5,7.0,0.786,0.0,0.0,0.0,2.5,3.0,0.833,1.5,5.0,6.5,1.0,2.5,1.0,1.0,0.5,1.5,2.0,13.5,22.5,0,0,5,"202683,1610612760"
202339,Eric Bledsoe,1610612756,PHX,25.0,1,1,0,1.0,15.8,5.0,10.0,0.5,1.0,2.0,0.5,2.0,3.0,0.667,1.0,0.0,1.0,4.0,2.0,4.0,0.0,2.0,5.0,4.0,13.0,-5.0,0,0,5,"202339,1610612756"
201569,Eric Gordon,1610612740,NOP,26.0,2,1,1,0.5,16.1,2.5,8.5,0.294,1.0,4.5,0.222,3.0,4.0,0.75,0.0,1.5,1.5,1.0,0.0,2.0,0.0,2.0,1.5,2.0,9.0,2.5,0,0,5,"201569,1610612740"
203961,Eric Moreland,1610612758,SAC,23.0,1,0,1,0.0,16.0,2.0,3.0,0.667,0.0,0.0,0.0,1.0,2.0,0.5,3.0,4.0,7.0,0.0,0.0,0.0,1.0,0.0,1.0,2.0,5.0,-6.0,0,0,5,"203961,1610612758"
203475,Erick Green,1610612743,DEN,24.0,1,0,1,0.0,9.0,0.0,1.0,0.0,0.0,1.0,0.0,0.0,0.0,0.0,0.0,0.0,0.0,0.0,0.0,0.0,0.0,0.0,1.0,0.0,0.0,-4.0,0,0,5,"203475,1610612743"
101141,Ersan Ilyasova,1610612765,DET,28.0,3,1,2,0.333,24.9,3.3,8.0,0.417,0.3,2.7,0.125,1.7,3.3,0.5,1.3,3.7,5.0,1.7,3.0,1.0,0.3,0.0,2.0,4.0,8.7,-0.7,0,0,5,"101141,1610612765"
203095,Evan Fournier,1610612753,ORL,22.0,3,2,1,0.667,25.1,4.7,11.0,0.424,2.7,6.3,0.421,3.3,4.7,0.714,0.7,1.7,2.3,2.7,1.0,1.0,0.0,1.0,2.7,3.3,15.3,-4.0,0,0,5,"203095,1610612753"
203105,Festus Ezeli,1610612744,GSW,25.0,2,1,1,0.5,13.4,1.0,2.5,0.4,0.0,0.0,0.0,1.0,1.0,1.0,0.5,4.0,4.5,0.5,0.0,0.0,1.5,0.0,2.0,1.0,3.0,-5.5,0,0,5,"203105,1610612744"
1626163,Frank Kaminsky,1610612766,CHA,22.0,3,3,0,1.0,16.5,2.0,6.3,0.316,1.3,2.3,0.571,0.7,0.7,1.0,0.3,5.3,5.7,1.3,2.0,0.0,0.3,0.0,1.3,0.7,6.0,1.0,0,0,5,"1626163,1610612766"
203128,Furkan Aldemir,1610612755,PHI,24.0,3,2,1,0.667,13.9,0.7,2.0,0.333,0.0,0.3,0.0,0.0,0.0,0.0,2.0,1.3,3.3,1.3,1.7,0.7,0.0,0.0,3.3,0.0,1.3,-11.7,0,0,5,"203128,1610612755"
202066,Garrett Temple,1610612764,WAS,29.0,1,1,0,1.0,24.0,2.0,9.0,0.222,1.0,3.0,0.333,2.0,2.0,1.0,1.0,8.0,9.0,7.0,0.0,1.0,0.0,2.0,0.0,2.0,7.0,13.0,0,0,5,"202066,1610612764"
203914,Gary Harris,1610612743,DEN,21.0,3,2,1,0.667,27.7,4.0,8.3,0.48,1.7,3.3,0.5,1.7,1.7,1.0,0.3,2.0,2.3,0.7,1.0,1.7,0.0,0.3,2.7,1.0,11.3,12.0,0,0,5,"203914,1610612743"
202390,Gary Neal,1610612764,WAS,31.0,3,2,1,0.667,21.1,4.3,9.0,0.481,1.7,3.0,0.556,0.3,0.7,0.5,0.0,1.0,1.0,0.3,1.0,0.3,0.0,0.7,0.7,0.7,10.7,10.7,0,0,5,"202390,1610612764"
201588,George Hill,1610612754,IND,29.0,2,1,1,0.5,18.5,2.5,5.5,0.455,0.5,1.0,0.5,2.5,3.0,0.833,1.0,2.0,3.0,5.5,1.0,1.5,1.5,0.0,1.0,2.5,8.0,-1.0,0,0,5,"201588,1610612754"
101123,Gerald Green,1610612748,MIA,29.0,3,1,2,0.333,18.3,4.7,11.7,0.4,1.0,4.0,0.25,3.0,3.0,1.0,1.3,2.3,3.7,1.0,1.7,1.0,0.3,0.7,2.7,3.0,13.3,0.7,0,0,5,"101123,1610612748"
203507,Giannis Antetokounmpo,1610612749,MIL,20.0,2,0,2,0.0,22.0,2.0,6.0,0.333,0.0,0.5,0.0,1.5,3.0,0.5,2.0,4.5,6.5,0.5,3.0,1.0,0.0,1.0,3.5,3.0,5.5,-1.5,0,0,5,"203507,1610612749"
203922,Glenn Robinson,1610612754,IND,21.0,3,2,1,0.667,24.0,3.3,7.0,0.476,2.3,4.0,0.583,3.3,4.0,0.833,2.0,2.3,4.3,1.7,0.7,0.0,0.0,0.7,2.0,2.0,12.3,5.7,0,0,5,"203922,1610612754"
201609,Goran Dragic,1610612748,MIA,29.0,3,1,2,0.333,24.5,2.3,6.0,0.389,0.3,1.3,0.25,1.3,2.0,0.667,0.0,3.0,3.0,4.7,2.3,1.0,0.0,0.3,2.7,1.7,6.3,-6.0,0,0,5,"201609,1610612748"
202330,Gordon Hayward,1610612762,UTA,25.0,3,2,1,0.667,23.9,3.7,8.0,0.458,1.7,3.3,0.5,4.0,5.7,0.706,0.7,4.0,4.7,3.0,1.7,1.7,0.3,0.7,1.7,4.3,13.0,3.0,0,0,5,"202330,1610612762"
203476,Gorgui Dieng,1610612750,MIN,25.0,2,0,2,0.0,25.1,4.5,8.5,0.529,0.0,0.0,0.0,6.5,7.0,0.929,1.5,2.0,3.5,2.0,0.5,0.5,0.0,0.5,1.0,3.5,15.5,-3.0,0,0,5,"203476,1610612750"
202328,Greg Monroe,1610612749,MIL,25.0,2,0,2,0.0,21.0,4.0,9.0,0.444,0.0,0.0,0.0,4.0,4.5,0.889,1.5,4.5,6.0,1.5,1.5,1.5,0.5,1.0,2.0,3.5,12.0,-4.0,0,0,5,"202328,1610612749"
204222,Greg Whittington,1610612748,MIA,22.0,3,1,2,0.333,9.9,0.7,3.0,0.222,0.0,1.3,0.0,0.0,0.0,0.0,0.3,2.0,2.3,0.3,1.0,0.0,0.3,0.0,1.3,0.0,1.3,-2.0,0,0,5,"204222,1610612748"
202349,Greivis Vasquez,1610612749,MIL,28.0,2,0,2,0.0,17.6,1.5,5.0,0.3,0.5,2.0,0.25,0.0,0.0,0.0,0.5,1.5,2.0,2.0,1.0,0.5,0.0,0.0,1.0,0.0,3.5,-3.0,0,0,5,"202349,1610612749"
203084,Harrison Barnes,1610612744,GSW,23.0,2,1,1,0.5,20.7,1.5,5.5,0.273,0.5,2.0,0.25,2.0,2.0,1.0,0.5,1.5,2.0,0.5,0.0,0.0,0.5,0.0,2.5,1.0,5.5,-1.0,0,0,5,"203084,1610612744"
203156,Henry Sims,1610612756,PHX,25.0,2,2,0,1.0,5.2,0.5,2.0,0.25,0.0,0.0,0.0,0.5,1.0,0.5,0.5,1.5,2.0,0.0,0.0,0.0,0.0,0.5,1.0,0.5,1.5,4.5,0,0,5,"203156,1610612756"
203138,Hollis Thompson,1610612755,PHI,24.0,3,2,1,0.667,27.3,4.0,8.0,0.5,1.7,4.3,0.385,1.7,2.0,0.833,0.0,5.0,5.0,0.3,2.3,0.0,0.3,0.0,2.3,1.7,11.3,-15.0,0,0,5,"203138,1610612755"
203546,Ian Clark,1610612744,GSW,24.0,2,1,1,0.5,9.2,1.0,3.5,0.286,1.0,1.5,0.667,0.0,0.0,0.0,0.0,0.5,0.5,0.5,0.5,0.0,0.0,0.5,1.0,0.5,3.0,-2.5,0,0,5,"203546,1610612744"
101133,Ian Mahinmi,1610612754,IND,28.0,2,1,1,0.5,19.2,2.0,3.0,0.667,0.0,0.0,0.0,0.5,2.0,0.25,1.5,6.0,7.5,1.0,0.5,0.5,3.5,1.0,2.0,2.5,4.5,5.5,0,0,5,"101133,1610612754"
203477,Isaiah Canaan,1610612755,PHI,24.0,3,2,1,0.667,28.7,4.7,10.7,0.438,2.3,6.7,0.35,1.0,1.7,0.6,0.0,3.0,3.0,6.0,1.3,0.7,0.0,0.0,2.0,1.7,12.7,0.0,0,0,5,"203477,1610612755"
202738,Isaiah Thomas,1610612738,BOS,26.0,2,2,0,1.0,22.7,5.5,12.5,0.44,1.0,4.0,0.25,4.5,5.0,0.9,0.5,2.5,3.0,3.5,2.5,2.0,0.5,1.0,1.5,4.0,16.5,12.0,0,0,5,"202738,1610612738"
202397,Ish Smith,1610612764,WAS,27.0,2,1,1,0.5,8.3,1.0,4.5,0.222,0.0,0.5,0.0,0.0,0.0,0.0,0.0,0.0,0.0,3.0,1.0,0.5,0.0,0.5,0.5,0.5,2.0,-3.5,0,0,5,"202397,1610612764"
1626266,J.J. O'Brien,1610612762,UTA,23.0,1,0,1,0.0,1.7,0.0,0.0,0.0,0.0,0.0,0.0,0.0,0.0,0.0,0.0,0.0,0.0,0.0,0.0,0.0,0.0,0.0,1.0,0.0,0.0,-2.0,0,0,5,"1626266,1610612762"
2747,J.R. Smith,1610612739,CLE,30.0,1,0,1,0.0,22.5,6.0,10.0,0.6,3.0,5.0,0.6,0.0,0.0,0.0,0.0,4.0,4.0,4.0,1.0,1.0,2.0,0.0,2.0,0.0,15.0,9.0,0,0,5,"2747,1610612739"
201581,JJ Hickson,1610612743,DEN,27.0,2,1,1,0.5,12.5,0.5,4.5,0.111,0.0,0.0,0.0,1.5,2.0,0.75,0.5,4.0,4.5,0.0,1.5,0.0,0.0,1.5,1.5,1.5,2.5,-7.5,0,0,5,"201581,1610612743"
200755,JJ Redick,1610612746,LAC,31.0,3,1,2,0.333,21.7,5.3,10.3,0.516,2.3,5.0,0.467,1.3,1.7,0.8,0.0,0.7,0.7,0.3,1.7,0.7,0.0,0.0,2.0,2.0,14.3,5.7,0,0,5,"200755,1610612746"
1626160,JP Tokoto,1610612755,PHI,22.0,2,1,1,0.5,5.3,2.0,3.5,0.571,0.0,0.5,0.0,0.0,0.0,0.0,0.0,0.0,0.0,0.0,0.0,0.0,0.0,0.0,0.0,0.5,4.0,5.0,0,0,5,"1626160,1610612755"
203960,JaKarr Sampson,1610612755,PHI,22.0,3,2,1,0.667,18.2,2.0,5.7,0.353,0.3,1.3,0.25,2.3,2.7,0.875,1.7,1.3,3.0,1.0,1.7,1.0,0.0,0.7,3.0,2.0,6.7,-3.3,0,0,5,"203960,1610612755"
203210,JaMychal Green,1610612763,MEM,25.0,2,2,0,1.0,14.9,1.0,4.0,0.25,0.0,0.0,0.0,0.0,0.0,0.0,1.0,4.5,5.5,1.5,2.0,0.5,0.5,0.5,0.5,1.5,2.0,1.5,0,0,5,"203210,1610612763"
203913,Jabari Brown,1610612747,LAL,22.0,3,1,2,0.333,14.8,0.7,3.7,0.182,0.3,2.0,0.167,2.3,2.7,0.875,0.3,1.0,1.3,0.0,1.7,0.7,0.0,0.3,2.3,2.7,4.0,-1.0,0,0,5,"203913,1610612747"
204022,Jack Cooley,1610612762,UTA,24.0,2,1,1,0.5,3.3,0.0,0.0,0.0,0.0,0.0,0.0,1.0,1.0,1.0,0.5,1.0,1.5,0.0,0.0,0.5,0.0,0.0,1.0,0.5,1.0,-3.0,0,0,5,"204022,1610612762"
203109,Jae Crowder,1610612738,BOS,25.0,2,2,0,1.0,23.8,2.0,3.5,0.571,0.5,1.0,0.5,4.0,5.5,0.727,0.0,3.0,3.0,3.5,0.5,1.5,0.0,0.5,2.0,3.0,8.5,19.0,0,0,5,"203109,1610612738"
1626143,Jahlil Okafor,1610612755,PHI,19.0,3,2,1,0.667,18.1,3.7,9.3,0.393,0.0,0.0,0.0,1.3,1.7,0.8,0.7,2.3,3.0,0.7,2.7,0.3,1.0,1.0,2.7,3.7,8.7,-3.3,0,0,5,"1626143,1610612755"
202815,Jake Anderson,1610612741,CHI,28.0,1,1,0,1.0,1.4,0.0,0.0,0.0,0.0,0.0,0.0,0.0,0.0,0.0,0.0,0.0,0.0,0.0,0.0,0.0,0.0,0.0,0.0,0.0,0.0,-3.0,0,0,5,"202815,1610612741"
1626294,Jaleel Roberts,1610612764,WAS,22.0,2,1,1,0.5,7.1,1.5,2.0,0.75,0.0,0.0,0.0,1.0,2.0,0.5,0.5,1.0,1.5,0.0,0.0,0.0,0.5,0.0,0.5,1.0,4.0,-3.5,0,0,5,"1626294,1610612764"
2037,Jamal Crawford,1610612746,LAC,35.0,3,1,2,0.333,20.3,3.7,8.0,0.458,0.3,2.0,0.167,1.3,1.7,0.8,0.3,0.0,0.3,1.3,2.7,1.0,0.3,0.3,1.7,2.0,9.0,-15.7,0,0,5,"2037,1610612746"
2749,Jameer Nelson,1610612743,DEN,33.0,3,2,1,0.667,18.2,3.3,7.0,0.476,1.0,2.3,0.429,2.0,2.3,0.857,0.3,2.3,2.7,5.3,1.3,0.3,0.0,0.0,2.3,1.7,9.7,8.3,0,0,5,"2749,1610612743"
202341,James Anderson,1610612758,SAC,26.0,3,2,1,0.667,20.5,0.7,3.3,0.2,0.3,1.7,0.2,0.3,0.7,0.5,0.3,1.0,1.3,1.7,0.7,0.7,0.0,0.0,1.0,0.7,2.0,10.7,0,0,5,"202341,1610612758"
203516,James Ennis,1610612748,MIA,25.0,2,1,1,0.5,5.5,0.5,1.0,0.5,0.0,0.0,0.0,2.5,3.0,0.833,0.5,0.5,1.0,0.0,0.5,0.0,0.0,0.0,1.0,1.5,3.5,3.5,0,0,5,"203516,1610612748"
201935,James Harden,1610612745,HOU,26.0,3,1,2,0.333,17.7,4.7,11.0,0.424,2.0,6.7,0.3,2.7,3.0,0.889,0.3,3.0,3.3,3.7,2.0,1.0,0.3,0.3,2.0,2.0,14.0,9.0,0,0,5,"201935,1610612745"
201949,James Johnson,1610612761,TOR,28.0,1,1,0,1.0,7.7,0.0,0.0,0.0,0.0,0.0,0.0,0.0,0.0,0.0,0.0,2.0,2.0,1.0,1.0,0.0,1.0,0.0,2.0,0.0,0.0,6.0,0,0,5,"201949,1610612761"
2592,James Jones,1610612739,CLE,35.0,3,0,3,0.0,15.7,2.3,6.7,0.35,1.7,5.3,0.313,1.7,1.7,1.0,0.0,1.3,1.3,1.0,0.7,0.7,0.3,0.0,1.3,2.0,8.0,6.7,0,0,5,"2592,1610612739"
203949,James Michael McAdoo,1610612744,GSW,22.0,2,1,1,0.5,13.5,2.5,3.0,0.833,0.0,0.0,0.0,2.0,3.5,0.571,0.5,2.0,2.5,1.0,0.0,1.0,1.0,0.0,0.5,2.5,7.0,-4.0,0,0,5,"203949,1610612744"
203923,James Young,1610612738,BOS,20.0,2,2,0,1.0,11.4,0.5,2.0,0.25,0.5,2.0,0.25,0.0,0.0,0.0,0.0,0.5,0.5,0.0,1.0,0.0,0.5,0.0,1.5,0.5,1.5,-1.5,0,0,5,"203923,1610612738"
203966,Jamil Wilson,1610612742,DAL,24.0,2,0,2,0.0,12.9,0.5,3.0,0.167,0.5,1.5,0.333,1.0,1.0,1.0,0.0,1.5,1.5,1.5,0.0,0.5,0.0,0.5,1.0,1.0,2.5,-2.5,0,0,5,"203966,1610612742"
203099,Jared Cunningham,1610612739,CLE,24.0,3,0,3,0.0,25.6,4.3,7.0,0.619,1.0,2.7,0.375,8.3,10.3,0.806,0.0,1.3,1.3,2.7,2.7,0.7,0.0,0.0,3.7,8.7,18.0,1.7,0,0,5,"203099,1610612739"
203096,Jared Sullinger,1610612738,BOS,23.0,2,2,0,1.0,13.4,4.5,8.0,0.563,0.0,0.5,0.0,1.5,2.0,0.75,2.5,2.5,5.0,1.0,1.5,1.0,0.0,0.5,1.5,1.0,10.5,5.0,0,0,5,"203096,1610612738"
203950,Jarnell Stokes,1610612763,MEM,21.0,2,2,0,1.0,12.2,4.0,6.0,0.667,0.0,0.0,0.0,1.0,1.0,1.0,0.5,2.5,3.0,0.0,1.0,0.5,0.0,0.5,3.5,0.5,9.0,3.5,0,0,5,"203950,1610612763"
204189,Jaron Johnson,1610612764,WAS,23.0,3,2,1,0.667,4.4,0.7,1.7,0.4,0.0,0.7,0.0,0.3,0.3,1.0,0.0,0.3,0.3,0.0,0.3,0.0,0.0,0.0,0.0,0.7,1.7,0.0,0,0,5,"204189,1610612764"
101127,Jarrett Jack,1610612751,BKN,31.0,2,0,2,0.0,22.9,4.0,10.0,0.4,0.5,2.0,0.25,7.0,7.0,1.0,0.5,2.0,2.5,1.5,3.0,0.0,0.0,0.5,1.5,3.5,15.5,-10.0,0,0,5,"101127,1610612751"
202820,Jarrid Famous,1610612742,DAL,27.0,2,0,2,0.0,10.9,1.0,4.0,0.25,0.0,0.0,0.0,0.0,1.0,0.0,0.5,1.0,1.5,0.5,1.0,0.0,0.5,0.5,1.5,1.0,2.0,-3.0,0,0,5,"202820,1610612742"
201160,Jason Smith,1610612753,ORL,29.0,3,2,1,0.667,24.1,3.0,7.0,0.429,0.0,0.7,0.0,0.7,0.7,1.0,1.7,3.7,5.3,2.3,0.3,0.0,0.0,0.0,1.7,0.7,6.7,4.7,0,0,5,"201160,1610612753"
1891,Jason Terry,1610612745,HOU,38.0,1,1,0,1.0,7.7,1.0,4.0,0.25,0.0,3.0,0.0,0.0,0.0,0.0,1.0,0.0,1.0,3.0,0.0,0.0,0.0,0.0,1.0,0.0,2.0,-3.0,0,0,5,"1891,1610612745"
201574,Jason Thompson,1610612744,GSW,29.0,1,0,1,0.0,15.0,0.0,3.0,0.0,0.0,0.0,0.0,2.0,4.0,0.5,3.0,4.0,7.0,0.0,0.0,0.0,1.0,1.0,2.0,3.0,2.0,-17.0,0,0,5,"201574,1610612744"
1626279,Jason Washburn,1610612766,CHA,25.0,1,1,0,1.0,5.4,0.0,0.0,0.0,0.0,0.0,0.0,0.0,0.0,0.0,0.0,2.0,2.0,0.0,2.0,0.0,1.0,0.0,1.0,0.0,0.0,-4.0,0,0,5,"1626279,1610612766"
1962937008,Jeff Adrien,1610612740,NOP,115.0,1,1,0,1.0,14.8,0.0,0.0,0.0,0.0,0.0,0.0,3.0,4.0,0.75,1.0,5.0,6.0,0.0,0.0,0.0,0.0,0.0,3.0,2.0,3.0,0.0,0,0,5,"1962937008,1610612740"
202399,Jeff Adrien,1610612740,NOP,29.0,1,0,1,0.0,17.0,0.0,0.0,0.0,0.0,0.0,0.0,2.0,6.0,0.333,1.0,3.0,4.0,0.0,3.0,0.0,0.0,0.0,3.0,3.0,2.0,-17.0,0,0,5,"202399,1610612740"
201145,Jeff Green,1610612763,MEM,29.0,3,3,0,1.0,21.7,2.3,6.3,0.368,1.3,2.7,0.5,3.7,5.3,0.688,0.3,4.0,4.3,1.7,1.0,0.7,0.0,0.3,2.3,3.3,9.7,7.0,0,0,5,"201145,1610612763"
201952,Jeff Teague,1610612737,ATL,27.0,2,2,0,1.0,20.4,4.0,7.0,0.571,0.5,2.0,0.25,2.0,2.0,1.0,0.0,1.5,1.5,2.5,1.0,1.0,0.0,0.5,1.0,2.0,10.5,-3.0,0,0,5,"201952,1610612737"
203481,Jeff Withey,1610612762,UTA,25.0,3,2,1,0.667,10.1,1.3,1.3,1.0,0.0,0.0,0.0,3.3,4.0,0.833,0.7,2.0,2.7,0.7,0.3,0.7,1.3,0.0,2.3,2.0,6.0,4.0,0,0,5,"203481,1610612762"
203924,Jerami Grant,1610612755,PHI,21.0,3,2,1,0.667,25.7,4.0,9.0,0.444,1.0,4.0,0.25,3.0,4.7,0.643,1.0,4.0,5.0,0.7,1.0,0.0,1.0,0.7,2.0,3.0,12.0,-7.3,0,0,5,"203924,1610612755"
202379,Jeremy Evans,1610612742,DAL,27.0,2,0,2,0.0,18.1,1.0,4.0,0.25,0.0,2.0,0.0,0.5,1.0,0.5,0.0,3.0,3.0,1.0,0.0,0.0,1.0,0.5,1.5,0.5,2.5,0.0,0,0,5,"202379,1610612742"
203087,Jeremy Lamb,1610612766,CHA,23.0,3,3,0,1.0,24.4,3.7,9.7,0.379,1.3,4.0,0.333,3.3,3.3,1.0,0.7,2.7,3.3,2.0,0.7,0.7,0.3,0.0,1.0,1.7,12.0,4.0,0,0,5,"203087,1610612766"
202391,Jeremy Lin,1610612766,CHA,27.0,3,3,0,1.0,26.6,4.7,9.7,0.483,1.0,3.0,0.333,4.0,5.0,0.8,0.0,2.7,2.7,4.0,2.3,0.7,0.0,1.0,2.7,4.7,14.3,11.0,0,0,5,"202391,1610612766"
202719,Jeremy Tyler,1610612745,HOU,24.0,1,1,0,1.0,14.8,1.0,2.0,0.5,0.0,0.0,0.0,0.0,2.0,0.0,0.0,6.0,6.0,0.0,1.0,0.0,0.0,0.0,4.0,1.0,2.0,-4.0,0,0,5,"202719,1610612745"
1626170,Jerian Grant,1610612752,NYK,23.0,2,2,0,1.0,25.7,2.5,9.5,0.263,0.0,1.5,0.0,3.0,3.5,0.857,0.5,2.0,2.5,3.0,1.5,0.0,0.5,0.5,1.5,2.5,8.0,11.5,0,0,5,"1626170,1610612752"
201573,Jerryd Bayless,1610612749,MIL,27.0,1,0,1,0.0,14.0,2.0,4.0,0.5,0.0,0.0,0.0,2.0,2.0,1.0,1.0,0.0,1.0,1.0,1.0,0.0,1.0,0.0,0.0,1.0,6.0,-11.0,0,0,5,"201573,1610612749"
202690,Jimmer Fredette,1610612759,SAS,26.0,1,0,1,0.0,11.4,0.0,4.0,0.0,0.0,2.0,0.0,0.0,0.0,0.0,1.0,2.0,3.0,2.0,1.0,0.0,0.0,0.0,1.0,0.0,0.0,-12.0,0,0,5,"202690,1610612759"
202710,Jimmy Butler,1610612741,CHI,26.0,3,2,1,0.667,22.5,3.3,9.0,0.37,0.3,1.0,0.333,4.3,6.3,0.684,1.7,1.7,3.3,4.7,1.0,1.0,0.0,0.3,1.0,5.3,11.3,3.7,0,0,5,"202710,1610612741"
201149,Joakim Noah,1610612741,CHI,30.0,2,1,1,0.5,17.3,0.5,4.0,0.125,0.0,0.0,0.0,0.5,1.5,0.333,4.0,2.5,6.5,0.5,2.0,0.5,0.0,0.0,2.5,1.5,1.5,-8.5,0,0,5,"201149,1610612741"
201975,Jodie Meeks,1610612765,DET,28.0,2,0,2,0.0,23.6,4.0,9.0,0.444,1.0,3.5,0.286,2.0,2.5,0.8,0.0,1.5,1.5,0.5,0.0,1.0,0.0,0.0,1.5,1.5,11.0,-7.0,0,0,5,"201975,1610612765"
203925,Joe Harris,1610612739,CLE,24.0,3,0,3,0.0,17.5,1.3,5.3,0.25,0.7,3.7,0.182,1.0,1.3,0.75,0.0,1.0,1.0,1.3,0.7,0.3,0.0,0.3,0.7,1.0,4.3,-4.0,0,0,5,"203925,1610612739"
204060,Joe Ingles,1610612762,UTA,28.0,2,2,0,1.0,17.6,2.0,5.0,0.4,1.0,3.5,0.286,0.0,0.0,0.0,0.5,3.0,3.5,0.5,1.5,0.0,0.0,0.0,1.5,1.0,5.0,3.0,0,0,5,"204060,1610612762"
2207,Joe Johnson,1610612751,BKN,34.0,2,0,2,0.0,26.0,2.0,5.0,0.4,0.5,1.5,0.333,4.5,5.0,0.9,0.0,1.5,1.5,1.5,2.0,0.0,0.0,0.0,0.0,2.5,9.0,-9.0,0,0,5,"2207,1610612751"
1626202,Joe Young,1610612754,IND,23.0,3,2,1,0.667,21.4,3.3,9.3,0.357,1.0,3.7,0.273,3.7,3.7,1.0,0.3,1.7,2.0,3.0,2.7,1.3,0.0,0.0,1.7,2.3,11.3,-4.7,0,0,5,"1626202,1610612754"
201202,Joel Anthony,1610612765,DET,33.0,3,1,2,0.333,19.1,0.7,1.7,0.4,0.0,0.0,0.0,1.0,2.0,0.5,2.0,1.3,3.3,0.7,0.0,0.3,2.0,0.0,2.3,2.0,2.3,3.0,0,0,5,"201202,1610612765"
203530,Joffrey Lauvergne,1610612743,DEN,24.0,3,2,1,0.667,24.1,6.3,8.3,0.76,0.7,1.3,0.5,2.7,3.0,0.889,3.0,7.3,10.3,0.3,1.3,0.7,0.0,0.7,2.0,2.0,16.0,-0.7,2,0,5,"203530,1610612743"
203089,John Henson,1610612749,MIL,24.0,2,0,2,0.0,9.3,1.5,2.0,0.75,0.0,0.0,0.0,1.0,1.0,1.0,0.0,2.5,2.5,0.5,1.0,0.5,1.5,0.0,2.5,1.5,4.0,-4.0,0,0,5,"203089,1610612749"
203098,John Jenkins,1610612742,DAL,24.0,2,0,2,0.0,29.2,6.0,14.5,0.414,2.5,8.5,0.294,3.0,3.0,1.0,1.0,2.0,3.0,0.5,3.5,0.5,1.0,1.0,0.5,3.0,17.5,-20.0,0,0,5,"203098,1610612742"
202322,John Wall,1610612764,WAS,25.0,3,2,1,0.667,21.6,4.0,8.7,0.462,1.0,2.3,0.429,1.0,1.3,0.75,0.7,1.7,2.3,7.3,2.7,1.7,0.0,0.3,1.3,2.3,10.0,4.3,0,0,5,"202322,1610612764"
203948,Johnny O'Bryant,1610612749,MIL,22.0,2,0,2,0.0,18.2,2.5,5.0,0.5,0.0,0.0,0.0,1.0,1.0,1.0,1.0,1.5,2.5,0.5,1.5,0.5,0.0,1.0,5.0,0.0,6.0,-3.5,0,0,5,"203948,1610612749"
1626281,Jon Horford,1610612749,MIL,23.0,1,0,1,0.0,5.8,0.0,0.0,0.0,0.0,0.0,0.0,0.0,0.0,0.0,0.0,0.0,0.0,0.0,0.0,0.0,0.0,0.0,0.0,0.0,0.0,-4.0,0,0,5,"1626281,1610612749"
202720,Jon Leuer,1610612756,PHX,26.0,2,2,0,1.0,17.2,4.0,7.5,0.533,0.5,1.5,0.333,2.5,3.5,0.714,2.5,6.5,9.0,0.5,0.5,0.0,0.0,0.0,3.5,2.0,11.0,11.0,1,0,5,"202720,1610612756"
201973,Jonas Jerebko,1610612738,BOS,28.0,2,2,0,1.0,16.7,2.0,6.0,0.333,0.0,2.0,0.0,1.0,1.0,1.0,1.5,1.5,3.0,0.0,1.5,1.0,0.0,0.0,3.5,1.0,5.0,4.0,0,0,5,"201973,1610612738"
202685,Jonas Valanciunas,1610612761,TOR,23.0,3,2,1,0.667,22.6,4.0,7.7,0.522,0.0,0.0,0.0,1.3,2.7,0.5,2.3,6.3,8.7,0.3,2.3,0.3,0.7,0.7,2.0,3.0,9.3,2.7,1,0,5,"202685,1610612761"
1626182,Jonathan Holmes,1610612747,LAL,22.0,1,0,1,0.0,13.9,1.0,4.0,0.25,0.0,1.0,0.0,2.0,2.0,1.0,2.0,4.0,6.0,0.0,0.0,0.0,1.0,2.0,2.0,1.0,4.0,0.0,0,0,5,"1626182,1610612747"
203613,Jonathon Simmons,1610612759,SAS,26.0,2,0,2,0.0,16.5,0.5,4.0,0.125,0.0,0.5,0.0,2.0,2.0,1.0,1.0,1.5,2.5,3.0,2.0,1.0,0.0,0.0,1.0,1.5,3.0,5.0,0,0,5,"203613,1610612759"
203947,Jordan Bachynski,1610612765,DET,26.0,1,1,0,1.0,3.1,0.0,0.0,0.0,0.0,0.0,0.0,0.0,0.0,0.0,0.0,1.0,1.0,0.0,1.0,0.0,0.0,0.0,0.0,0.0,0.0,-1.0,0,0,5,"203947,1610612765"
203903,Jordan Clarkson,1610612747,LAL,23.0,4,1,3,0.25,24.0,4.3,11.0,0.386,0.8,3.0,0.25,1.3,1.5,0.833,1.3,2.8,4.0,3.3,1.5,0.8,0.3,0.5,1.8,3.0,10.5,0.8,0,0,5,"203903,1610612747"
202348,Jordan Crawford,1610612741,CHI,26.0,3,2,1,0.667,6.9,1.7,3.7,0.455,1.0,1.7,0.6,1.0,1.0,1.0,0.7,2.3,3.0,1.0,0.7,0.0,0.0,0.0,1.0,0.3,5.3,-0.7,0,0,5,"202348,1610612741"
201941,Jordan Hill,1610612754,IND,28.0,3,2,1,0.667,14.8,3.3,5.3,0.625,0.0,0.0,0.0,0.7,0.7,1.0,1.0,4.3,5.3,0.3,0.7,0.3,1.7,0.0,1.7,1.0,7.3,6.0,0,0,5,"201941,1610612754"
203895,Jordan McRae,1610612755,PHI,24.0,3,2,1,0.667,19.7,2.7,7.3,0.364,0.7,4.0,0.167,4.0,5.0,0.8,0.0,1.3,1.3,2.0,1.7,1.0,0.3,0.7,2.7,3.3,10.0,-10.3,0,0,5,"203895,1610612755"
1626175,Jordan Mickey,1610612738,BOS,21.0,2,2,0,1.0,9.3,2.5,5.0,0.5,0.0,0.0,0.0,1.0,2.0,0.5,1.5,1.0,2.5,0.0,0.0,0.5,0.5,0.5,0.5,1.5,6.0,2.5,0,0,5,"1626175,1610612738"
1626296,Jordan Sibert,1610612753,ORL,23.0,3,1,2,0.333,5.2,0.0,0.7,0.0,0.0,0.3,0.0,0.0,0.0,0.0,0.0,0.0,0.0,0.0,0.0,0.0,0.0,0.0,1.0,0.0,0.0,-0.7,0,0,5,"1626296,1610612753"
203268,Jorge Gutierrez,1610612749,MIL,26.0,2,0,2,0.0,14.9,1.0,4.5,0.222,0.0,0.0,0.0,1.0,1.0,1.0,0.0,0.0,0.0,5.0,0.0,0.5,0.0,1.0,1.5,1.0,3.0,-10.0,0,0,5,"203268,1610612749"
101181,Jose Calderon,1610612752,NYK,34.0,2,2,0,1.0,19.0,2.0,5.0,0.4,1.5,3.0,0.5,1.0,1.0,1.0,0.0,2.0,2.0,4.5,2.0,1.5,0.0,0.0,3.0,1.5,6.5,3.5,0,0,5,"101181,1610612752"
200826,Jose Juan Barea,1610612742,DAL,31.0,2,0,2,0.0,17.4,3.0,6.5,0.462,0.0,1.0,0.0,2.5,2.5,1.0,0.5,1.5,2.0,4.0,1.5,0.0,0.0,0.5,1.0,3.0,8.5,1.0,0,0,5,"200826,1610612742"
202725,Josh Harrellson,1610612764,WAS,26.0,3,2,1,0.667,9.1,2.0,3.7,0.545,1.3,2.3,0.571,0.3,0.7,0.5,1.0,0.7,1.7,0.3,0.3,0.3,0.3,0.0,2.7,0.3,5.7,-1.3,0,0,5,"202725,1610612764"
203962,Josh Huestis,1610612760,OKC,23.0,1,1,0,1.0,15.7,1.0,2.0,0.5,1.0,2.0,0.5,0.0,0.0,0.0,0.0,2.0,2.0,0.0,0.0,0.0,1.0,0.0,0.0,0.0,3.0,8.0,0,0,5,"203962,1610612760"
201177,Josh McRoberts,1610612748,MIA,28.0,2,0,2,0.0,19.9,2.0,4.5,0.444,1.0,2.5,0.4,1.0,1.0,1.0,0.0,2.0,2.0,2.5,2.5,0.0,0.0,0.0,1.5,0.5,6.0,-0.5,0,0,5,"201177,1610612748"
2694,Josh Powell,1610612749,MIL,32.0,2,0,2,0.0,5.0,0.0,0.5,0.0,0.0,0.0,0.0,0.0,0.0,0.0,0.0,0.0,0.0,1.0,1.0,0.0,0.0,0.0,1.5,0.0,0.0,-6.0,0,0,5,"2694,1610612749"
1626196,Josh Richardson,1610612748,MIA,22.0,3,1,2,0.333,5.9,0.3,2.7,0.125,0.0,0.7,0.0,2.0,2.7,0.75,0.7,1.0,1.7,0.3,0.0,1.3,0.0,0.0,0.0,1.3,2.7,-0.7,0,0,5,"1626196,1610612748"
2746,Josh Smith,1610612746,LAC,29.0,3,1,2,0.333,19.1,3.7,10.0,0.367,1.3,3.7,0.364,2.3,3.0,0.778,0.7,3.7,4.3,1.0,2.0,0.0,0.0,0.3,3.0,2.7,11.0,-16.7,0,0,5,"2746,1610612746"
1626288,Joshua Smith,1610612745,HOU,23.0,2,1,1,0.5,21.4,3.5,6.0,0.583,0.0,0.0,0.0,0.0,1.0,0.0,4.5,3.5,8.0,0.5,1.5,0.0,0.0,1.0,3.0,0.5,7.0,-5.0,0,0,5,"1626288,1610612745"
201950,Jrue Holiday,1610612740,NOP,25.0,2,1,1,0.5,9.9,2.5,5.0,0.5,0.5,2.0,0.25,1.5,1.5,1.0,0.5,1.0,1.5,0.5,1.5,1.0,1.0,0.0,2.0,1.5,7.0,5.0,0,0,5,"201950,1610612740"
203944,Julius Randle,1610612747,LAL,20.0,4,1,3,0.25,23.7,5.8,11.0,0.523,0.0,0.3,0.0,2.0,3.5,0.571,2.0,4.5,6.5,2.3,2.8,1.3,0.5,0.5,2.0,2.3,13.5,2.0,0,0,5,"203944,1610612747"
202933,Julyan Stone,1610612760,OKC,26.0,1,1,0,1.0,4.3,0.0,0.0,0.0,0.0,0.0,0.0,0.0,0.0,0.0,0.0,1.0,1.0,0.0,0.0,0.0,0.0,0.0,1.0,0.0,0.0,-4.0,0,0,5,"202933,1610612760"
1626147,Justin Anderson,1610612742,DAL,21.0,2,0,2,0.0,21.5,1.0,6.0,0.167,0.0,3.0,0.0,2.0,3.5,0.571,0.5,3.0,3.5,0.0,1.0,0.0,0.5,0.0,1.0,2.5,4.0,-14.5,0,0,5,"1626147,1610612742"
202712,Justin Harper,1610612751,BKN,26.0,3,1,2,0.333,20.7,3.0,7.7,0.391,0.7,2.7,0.25,0.7,0.7,1.0,0.3,4.7,5.0,1.7,0.7,0.7,0.3,0.3,3.0,1.3,7.3,2.0,0,0,5,"202712,1610612751"
203200,Justin Holiday,1610612737,ATL,26.0,2,2,0,1.0,14.3,0.5,3.0,0.167,0.0,1.5,0.0,1.0,1.0,1.0,0.0,2.0,2.0,0.5,1.5,0.0,0.0,0.0,0.5,1.0,2.0,-2.0,0,0,5,"203200,1610612737"
1626159,Justise Winslow,1610612748,MIA,19.0,3,1,2,0.333,24.5,1.7,5.7,0.294,0.3,1.7,0.2,1.7,2.7,0.625,0.7,3.3,4.0,2.7,0.3,1.0,0.0,0.0,2.3,2.3,5.3,4.3,0,0,5,"1626159,1610612748"
203909,KJ McDaniels,1610612745,HOU,22.0,3,1,2,0.333,17.7,2.3,6.3,0.368,0.7,3.0,0.222,3.3,4.0,0.833,1.7,3.3,5.0,2.0,1.0,1.3,1.0,0.0,3.3,3.0,8.7,-1.3,0,0,5,"203909,1610612745"
1626157,Karl-Anthony Towns,1610612750,MIN,19.0,2,0,2,0.0,25.5,6.0,10.5,0.571,0.0,0.5,0.0,3.5,3.5,1.0,2.5,5.0,7.5,0.5,2.0,1.5,1.5,1.0,3.0,2.5,15.5,-21.0,1,0,5,"1626157,1610612750"
202695,Kawhi Leonard,1610612759,SAS,24.0,2,0,2,0.0,22.2,5.0,12.5,0.4,1.5,4.5,0.333,3.5,4.5,0.778,1.0,5.0,6.0,0.5,1.0,2.0,1.0,0.0,2.0,3.5,15.0,1.5,0,0,5,"202695,1610612759"
1626208,Keifer Sykes,1610612759,SAS,21.0,1,0,1,0.0,3.5,0.0,0.0,0.0,0.0,0.0,0.0,0.0,0.0,0.0,0.0,1.0,1.0,0.0,0.0,0.0,0.0,0.0,1.0,0.0,0.0,4.0,0,0,5,"1626208,1610612759"
203951,Keith Appling,1610612753,ORL,23.0,3,1,2,0.333,5.9,0.3,1.3,0.25,0.0,0.0,0.0,0.7,0.7,1.0,0.0,0.3,0.3,0.0,0.7,0.3,0.0,0.3,1.7,0.3,1.3,2.7,0,0,5,"203951,1610612753"
202728,Keith Benson,1610612748,MIA,27.0,2,1,1,0.5,5.1,1.0,2.5,0.4,0.0,0.0,0.0,0.0,0.0,0.0,2.5,1.5,4.0,0.0,0.0,0.0,0.5,1.0,0.5,0.5,2.0,2.0,0,0,5,"202728,1610612748"
203482,Kelly Olynyk,1610612738,BOS,24.0,2,2,0,1.0,18.7,2.5,5.5,0.455,0.0,1.5,0.0,0.5,1.0,0.5,0.5,3.0,3.5,1.5,0.5,1.5,0.0,0.0,3.0,1.5,5.5,12.0,0,0,5,"203482,1610612738"
1626162,Kelly Oubre,1610612764,WAS,19.0,2,1,1,0.5,21.8,0.5,5.0,0.1,0.0,1.5,0.0,1.5,3.0,0.5,0.5,2.0,2.5,0.0,0.5,0.0,1.0,0.0,2.5,2.0,2.5,-1.0,0,0,5,"1626162,1610612764"
202689,Kemba Walker,1610612766,CHA,25.0,3,3,0,1.0,23.1,4.0,9.3,0.429,1.3,3.3,0.4,5.0,6.0,0.833,0.0,1.3,1.3,5.0,2.3,0.7,0.0,0.3,1.7,3.3,14.3,3.0,0,0,5,"202689,1610612766"
2570,Kendrick Perkins,1610612740,NOP,30.0,2,1,1,0.5,12.5,0.0,2.0,0.0,0.0,0.5,0.0,1.0,1.0,1.0,1.5,3.5,5.0,0.0,1.0,1.0,0.5,0.5,2.0,0.5,1.0,-2.0,0,0,5,"2570,1610612740"
202702,Kenneth Faried,1610612743,DEN,25.0,3,2,1,0.667,19.0,2.3,6.7,0.35,0.0,0.0,0.0,1.0,2.3,0.429,1.7,5.3,7.0,0.7,2.3,1.0,0.7,1.0,3.7,2.3,5.7,0.7,1,0,5,"202702,1610612743"
203145,Kent Bazemore,1610612737,ATL,26.0,2,2,0,1.0,19.9,3.5,5.5,0.636,1.0,1.5,0.667,3.0,3.5,0.857,0.0,4.0,4.0,0.5,1.5,2.0,0.5,0.0,3.5,3.0,11.0,-8.5,0,0,5,"203145,1610612737"
203484,Kentavious Caldwell-Pope,1610612765,DET,22.0,3,1,2,0.333,27.4,4.7,9.0,0.519,2.7,5.0,0.533,1.3,2.0,0.667,0.0,3.0,3.0,1.7,2.0,1.0,0.0,0.0,1.0,1.3,13.3,7.0,0,0,5,"203484,1610612765"
201142,Kevin Durant,1610612760,OKC,27.0,2,2,0,1.0,22.1,5.5,9.0,0.611,0.5,1.5,0.333,2.5,3.5,0.714,0.0,3.0,3.0,4.5,2.0,1.0,0.5,0.0,1.5,1.5,14.0,19.5,0,0,5,"201142,1610612760"
708,Kevin Garnett,1610612750,MIN,39.0,2,0,2,0.0,9.2,0.5,2.0,0.25,0.0,0.0,0.0,0.0,0.0,0.0,0.0,2.5,2.5,0.5,0.0,0.5,0.0,0.0,1.0,0.0,1.0,-8.5,0,0,5,"708,1610612750"
2755,Kevin Martin,1610612750,MIN,32.0,2,0,2,0.0,11.4,2.5,6.0,0.417,0.5,3.0,0.167,2.5,2.5,1.0,0.5,0.0,0.5,2.0,1.0,0.0,0.0,0.0,1.5,1.5,8.0,-7.5,0,0,5,"2755,1610612750"
202338,Kevin Seraphin,1610612752,NYK,25.0,1,1,0,1.0,21.7,7.0,11.0,0.636,0.0,0.0,0.0,0.0,0.0,0.0,2.0,3.0,5.0,0.0,3.0,1.0,0.0,0.0,2.0,2.0,14.0,19.0,0,0,5,"202338,1610612752"
203114,Khris Middleton,1610612749,MIL,24.0,2,0,2,0.0,20.2,2.5,5.0,0.5,0.0,0.5,0.0,0.0,0.5,0.0,0.0,1.5,1.5,0.0,3.0,1.0,0.0,0.0,4.5,1.5,5.0,-6.5,0,0,5,"203114,1610612749"
2550,Kirk Hinrich,1610612741,CHI,34.0,2,1,1,0.5,17.2,2.5,4.5,0.556,1.5,1.5,1.0,0.0,0.0,0.0,1.0,0.5,1.5,3.0,1.0,1.5,0.0,0.0,1.0,1.0,6.5,-6.0,0,0,5,"2550,1610612741"
202691,Klay Thompson,1610612744,GSW,25.0,2,1,1,0.5,25.3,5.0,11.5,0.435,1.0,4.5,0.222,3.0,3.5,0.857,0.0,2.5,2.5,1.5,2.0,1.0,0.5,0.0,2.0,2.5,14.0,3.5,0,0,5,"202691,1610612744"
1626285,Kleon Penn,1610612750,MIN,29.0,1,0,1,0.0,1.5,0.0,0.0,0.0,0.0,0.0,0.0,0.0,0.0,0.0,0.0,0.0,0.0,0.0,0.0,0.0,0.0,0.0,0.0,0.0,0.0,4.0,0,0,5,"1626285,1610612750"
977,Kobe Bryant,1610612747,LAL,37.0,4,1,3,0.25,18.2,4.3,8.8,0.486,2.3,5.0,0.45,3.0,3.3,0.923,1.0,0.5,1.5,1.8,1.3,1.0,0.0,0.0,1.3,3.0,13.8,5.8,0,0,5,"977,1610612747"
201585,Kosta Koufos,1610612758,SAC,26.0,3,3,0,1.0,27.4,3.7,7.0,0.524,0.0,0.0,0.0,0.0,0.0,0.0,2.7,3.3,6.0,0.0,1.3,0.3,1.3,0.3,2.0,1.0,7.3,-0.3,0,0,5,"201585,1610612758"
2743,Kris Humphries,1610612764,WAS,30.0,3,2,1,0.667,23.7,3.0,8.7,0.346,1.7,5.3,0.313,1.7,2.3,0.714,1.3,5.3,6.7,1.0,0.7,1.0,0.0,0.3,1.7,1.3,9.3,6.0,0,0,5,"2743,1610612764"
204001,Kristaps Porzingis,1610612752,NYK,20.0,2,2,0,1.0,20.7,3.0,7.5,0.4,1.5,2.5,0.6,0.5,1.0,0.5,2.0,4.0,6.0,1.5,2.0,0.0,1.5,0.0,1.5,0.5,8.0,7.5,0,0,5,"204001,1610612752"
203937,Kyle Anderson,1610612759,SAS,22.0,2,0,2,0.0,22.2,3.5,7.0,0.5,0.5,1.5,0.333,1.5,2.5,0.6,0.0,3.5,3.5,2.0,0.5,2.0,0.5,0.0,4.0,1.5,9.0,2.5,0,0,5,"203937,1610612759"
1626271,Kyle Casey,1610612756,PHX,25.0,1,1,0,1.0,5.7,0.0,0.0,0.0,0.0,0.0,0.0,0.0,0.0,0.0,0.0,0.0,0.0,0.0,0.0,0.0,0.0,0.0,0.0,0.0,0.0,5.0,0,0,5,"1626271,1610612756"
2594,Kyle Korver,1610612737,ATL,34.0,2,2,0,1.0,16.7,1.0,4.5,0.222,0.5,3.5,0.143,3.5,3.5,1.0,0.0,2.0,2.0,1.0,0.0,0.0,0.5,0.0,0.5,1.5,6.0,6.5,0,0,5,"2594,1610612737"
200768,Kyle Lowry,1610612761,TOR,29.0,2,2,0,1.0,23.5,7.5,11.5,0.652,2.5,4.0,0.625,8.0,9.0,0.889,0.0,1.0,1.0,4.0,1.0,1.5,0.0,0.0,1.5,6.0,25.5,14.0,0,0,5,"200768,1610612761"
203124,Kyle O'Quinn,1610612752,NYK,25.0,2,2,0,1.0,23.1,5.0,8.0,0.625,0.5,1.0,0.5,3.5,4.0,0.875,0.5,8.5,9.0,3.0,1.5,0.0,1.0,0.0,1.5,2.5,14.0,3.0,1,0,5,"203124,1610612752"
202713,Kyle Singler,1610612760,OKC,27.0,1,1,0,1.0,8.2,0.0,0.0,0.0,0.0,0.0,0.0,0.0,0.0,0.0,0.0,0.0,0.0,1.0,1.0,0.0,0.0,0.0,4.0,0.0,0.0,-7.0,0,0,5,"202713,1610612760"
200746,LaMarcus Aldridge,1610612759,SAS,30.0,2,0,2,0.0,23.7,5.0,11.0,0.455,0.0,0.5,0.0,2.5,3.0,0.833,1.5,4.0,5.5,0.5,0.5,0.5,0.0,0.5,3.5,2.5,12.5,-4.5,0,0,5,"200746,1610612759"
203934,Lamar Patterson,1610612737,ATL,24.0,2,2,0,1.0,11.8,1.5,3.0,0.5,1.0,1.0,1.0,0.0,0.0,0.0,0.5,0.5,1.0,1.5,1.0,0.0,0.0,1.5,0.0,1.0,4.0,2.0,0,0,5,"203934,1610612737"
202362,Lance Stephenson,1610612746,LAC,25.0,3,1,2,0.333,24.7,1.7,7.3,0.227,0.3,2.0,0.167,0.7,0.7,1.0,0.3,1.7,2.0,3.3,1.0,0.7,0.0,0.7,1.7,0.7,4.3,-11.3,0,0,5,"202362,1610612746"
202498,Lance Thomas,1610612752,NYK,27.0,2,2,0,1.0,8.2,0.0,1.0,0.0,0.0,1.0,0.0,0.0,0.0,0.0,0.0,0.5,0.5,0.0,1.5,0.5,0.0,0.0,0.5,0.0,0.0,4.5,0,0,5,"202498,1610612752"
204038,Langston Galloway,1610612752,NYK,23.0,2,2,0,1.0,29.0,3.0,5.5,0.545,1.0,2.5,0.4,0.5,1.0,0.5,1.0,5.0,6.0,3.5,0.5,1.0,0.0,0.0,2.0,1.0,7.5,11.5,0,0,5,"204038,1610612752"
1626204,Larry Nance Jr.,1610612747,LAL,22.0,3,1,2,0.333,9.5,0.7,1.0,0.667,0.0,0.0,0.0,1.0,1.3,0.75,1.0,3.0,4.0,0.7,0.7,0.3,0.0,0.0,2.0,0.7,2.3,-6.7,0,0,5,"1626204,1610612747"
202730,Lavoy Allen,1610612754,IND,26.0,3,2,1,0.667,14.9,1.7,4.3,0.385,0.0,0.0,0.0,0.0,0.0,0.0,2.0,2.0,4.0,1.0,0.3,0.0,0.7,0.0,0.3,0.0,3.3,-8.3,0,0,5,"202730,1610612754"
1626272,Lazeric Jones,1610612763,MEM,25.0,3,3,0,1.0,11.1,2.0,3.3,0.6,0.3,0.3,1.0,1.0,1.3,0.75,0.0,1.3,1.3,1.7,0.3,0.0,0.0,0.0,1.0,1.3,5.3,1.3,0,0,5,"1626272,1610612763"
2544,LeBron James,1610612739,CLE,30.0,2,0,2,0.0,24.1,4.5,14.0,0.321,1.5,4.0,0.375,0.5,1.0,0.5,0.0,3.5,3.5,4.0,3.0,3.0,0.0,0.0,2.5,3.5,11.0,0.0,0,0,5,"2544,1610612739"
2571,Leandro Barbosa,1610612744,GSW,32.0,2,1,1,0.5,13.4,5.0,8.0,0.625,0.5,1.0,0.5,1.0,1.0,1.0,0.0,0.0,0.0,0.0,1.0,0.5,0.0,0.0,1.0,0.5,11.5,-2.5,0,0,5,"2571,1610612744"
203485,Lorenzo Brown,1610612750,MIN,25.0,2,0,2,0.0,19.3,3.0,6.5,0.462,0.0,1.0,0.0,1.5,2.0,0.75,0.0,2.0,2.0,1.5,3.0,0.5,0.0,0.0,1.5,1.0,7.5,-6.0,0,0,5,"203485,1610612750"
200811,Lou Amundson,1610612752,NYK,32.0,1,1,0,1.0,2.7,2.0,4.0,0.5,0.0,0.0,0.0,0.0,0.0,0.0,1.0,2.0,3.0,1.0,0.0,0.0,0.0,0.0,1.0,0.0,4.0,2.0,0,0,5,"200811,1610612752"
101150,Lou Williams,1610612747,LAL,28.0,4,1,3,0.25,25.9,4.5,11.8,0.383,1.3,5.3,0.238,6.3,7.3,0.862,0.3,2.8,3.0,2.5,2.3,0.8,0.3,0.5,2.8,6.0,16.5,3.3,0,0,5,"101150,1610612747"
201601,Luc Mbah a Moute,1610612746,LAC,29.0,2,1,1,0.5,5.4,1.5,3.0,0.5,0.0,0.0,0.0,2.0,2.0,1.0,1.0,2.0,3.0,0.0,0.0,0.0,0.5,0.5,0.0,1.0,5.0,-0.5,0,0,5,"201601,1610612746"
1626242,Luis Montero,1610612757,POR,22.0,2,0,2,0.0,3.8,0.5,1.0,0.5,0.0,0.5,0.0,0.0,0.0,0.0,0.0,0.0,0.0,1.0,1.5,0.0,0.0,0.0,0.0,0.0,1.0,-0.5,0,0,5,"1626242,1610612757"
2449,Luis Scola,1610612761,TOR,35.0,3,2,1,0.667,16.7,4.0,7.3,0.545,0.3,0.3,1.0,1.0,1.3,0.75,1.7,5.3,7.0,0.3,1.3,0.3,0.0,0.3,1.7,2.0,9.3,6.3,0,0,5,"2449,1610612761"
202337,Luke Babbitt,1610612740,NOP,26.0,2,1,1,0.5,24.8,3.5,8.5,0.412,2.5,5.5,0.455,2.5,3.5,0.714,0.0,3.5,3.5,1.5,0.5,0.0,0.0,0.0,1.5,1.5,12.0,-4.0,0,0,5,"202337,1610612740"
2736,Luol Deng,1610612748,MIA,30.0,3,1,2,0.333,24.0,2.7,6.3,0.421,0.7,2.3,0.286,2.0,2.7,0.75,0.7,3.0,3.7,1.0,1.7,1.0,0.0,0.0,1.0,2.7,8.0,-6.0,0,0,5,"2736,1610612748"
1938,Manu Ginobili,1610612759,SAS,38.0,1,0,1,0.0,13.7,3.0,4.0,0.75,1.0,1.0,1.0,3.0,4.0,0.75,0.0,0.0,0.0,2.0,2.0,2.0,0.0,0.0,3.0,2.0,10.0,-5.0,0,0,5,"1938,1610612759"
201188,Marc Gasol,1610612763,MEM,30.0,3,3,0,1.0,23.5,5.3,10.0,0.533,0.0,0.0,0.0,2.3,3.0,0.778,1.7,4.3,6.0,1.3,3.0,0.3,2.0,0.3,3.0,2.7,13.0,6.3,0,0,5,"201188,1610612763"
101162,Marcin Gortat,1610612764,WAS,31.0,3,2,1,0.667,22.8,5.0,8.0,0.625,0.0,0.0,0.0,3.7,4.0,0.917,1.0,3.0,4.0,2.0,1.7,0.3,0.0,1.0,1.7,4.7,13.7,10.0,0,0,5,"101162,1610612764"
201158,Marco Belinelli,1610612758,SAC,29.0,4,3,1,0.75,29.8,6.8,14.8,0.458,2.0,7.3,0.276,3.0,4.5,0.667,0.0,2.0,2.0,3.0,2.3,1.3,0.0,0.3,1.8,4.8,18.5,-3.5,0,0,5,"201158,1610612758"
202068,Marcus Landry,1610612749,MIL,29.0,2,0,2,0.0,9.0,1.0,2.5,0.4,0.5,1.0,0.5,0.0,0.0,0.0,0.5,0.0,0.5,0.5,0.0,0.0,0.0,0.0,2.0,0.5,2.5,-9.0,0,0,5,"202068,1610612749"
202694,Marcus Morris,1610612765,DET,26.0,3,1,2,0.333,24.0,5.0,8.7,0.577,0.7,1.7,0.4,1.7,2.0,0.833,1.0,4.3,5.3,1.7,1.3,1.0,0.0,0.3,4.3,2.0,12.3,4.3,0,0,5,"202694,1610612765"
204136,Marcus Simmons,1610612741,CHI,27.0,2,2,0,1.0,1.6,0.0,0.0,0.0,0.0,0.0,0.0,0.0,0.0,0.0,0.5,0.0,0.5,0.0,0.5,0.0,0.0,0.0,0.0,0.0,0.0,-3.5,0,0,5,"204136,1610612741"
203935,Marcus Smart,1610612738,BOS,21.0,2,2,0,1.0,21.4,2.5,5.5,0.455,0.5,1.5,0.333,3.5,4.0,0.875,1.0,2.0,3.0,4.0,1.0,1.5,0.0,0.5,2.5,4.0,9.0,17.5,0,0,5,"203935,1610612738"
201977,Marcus Thornton,1610612745,HOU,28.0,3,1,2,0.333,19.9,4.0,12.0,0.333,2.0,5.3,0.375,0.7,1.7,0.4,1.7,2.0,3.7,1.7,0.7,1.0,0.0,1.0,1.3,1.0,10.7,-0.3,0,0,5,"201977,1610612745"
201596,Mario Chalmers,1610612748,MIA,29.0,2,0,2,0.0,15.5,0.5,2.5,0.2,0.5,1.0,0.5,0.5,2.0,0.25,0.0,0.5,0.5,2.5,2.5,0.5,0.0,0.5,2.5,3.5,2.0,-7.5,0,0,5,"201596,1610612748"
1626209,Mario Hezonja,1610612753,ORL,20.0,4,2,2,0.5,20.5,3.3,7.5,0.433,1.5,4.0,0.375,1.3,1.3,1.0,0.5,2.3,2.8,0.8,2.5,1.3,0.3,0.3,3.0,0.8,9.3,-11.0,0,0,5,"1626209,1610612753"
202693,Markieff Morris,1610612756,PHX,26.0,2,2,0,1.0,17.4,4.5,11.5,0.391,1.5,2.5,0.6,1.5,2.0,0.75,1.5,2.0,3.5,1.5,2.0,0.0,1.0,2.0,2.5,3.0,12.0,-7.5,0,0,5,"202693,1610612756"
201578,Marreese Speights,1610612744,GSW,28.0,2,1,1,0.5,13.7,2.5,7.0,0.357,0.0,0.0,0.0,2.0,2.0,1.0,0.5,3.0,3.5,1.0,2.0,0.5,1.0,0.0,1.0,1.5,7.0,-5.0,0,0,5,"201578,1610612744"
101107,Marvin Williams,1610612766,CHA,29.0,3,3,0,1.0,18.9,2.0,5.3,0.375,1.0,3.0,0.333,0.7,1.3,0.5,0.0,3.7,3.7,1.3,0.7,1.0,0.0,0.7,1.0,1.3,5.7,8.7,0,0,5,"101107,1610612766"
203486,Mason Plumlee,1610612757,POR,25.0,3,1,2,0.333,22.5,2.3,4.0,0.583,0.0,0.0,0.0,0.3,2.0,0.167,1.3,5.3,6.7,2.0,2.3,0.7,0.3,0.0,3.0,3.0,5.0,0.7,0,0,5,"203486,1610612757"
2440,Matt Barnes,1610612763,MEM,35.0,3,3,0,1.0,13.9,1.0,4.7,0.214,0.0,3.0,0.0,1.7,2.0,0.833,0.3,2.7,3.0,1.3,1.7,0.7,0.3,0.3,1.0,1.3,3.7,2.0,0,0,5,"2440,1610612763"
2588,Matt Bonner,1610612759,SAS,35.0,1,0,1,0.0,5.4,0.0,2.0,0.0,0.0,2.0,0.0,0.0,0.0,0.0,0.0,0.0,0.0,0.0,0.0,0.0,0.0,0.0,0.0,0.0,0.0,-4.0,0,0,5,"2588,1610612759"
202394,Matt Janning,1610612743,DEN,27.0,1,1,0,1.0,5.2,0.0,1.0,0.0,0.0,0.0,0.0,0.0,0.0,0.0,0.0,0.0,0.0,0.0,0.0,0.0,0.0,0.0,2.0,0.0,0.0,-10.0,0,0,5,"202394,1610612743"
203521,Matthew Dellavedova,1610612739,CLE,25.0,3,0,3,0.0,22.7,2.7,6.3,0.421,0.3,1.3,0.25,0.0,0.0,0.0,1.0,2.3,3.3,4.0,1.7,1.0,0.0,1.0,1.3,0.0,5.7,-8.0,0,0,5,"203521,1610612739"
203090,Maurice Harkless,1610612757,POR,22.0,1,0,1,0.0,24.1,5.0,6.0,0.833,2.0,3.0,0.667,2.0,6.0,0.333,1.0,5.0,6.0,2.0,4.0,2.0,0.0,0.0,2.0,5.0,14.0,15.0,0,0,5,"203090,1610612757"
1626254,Maurice Ndour,1610612742,DAL,23.0,2,0,2,0.0,23.3,1.5,6.0,0.25,1.0,3.5,0.286,0.0,0.0,0.0,0.0,1.0,1.0,0.0,1.0,2.0,1.0,0.0,2.5,1.5,4.0,-8.0,0,0,5,"1626254,1610612742"
203929,Melvin Ejim,1610612753,ORL,24.0,2,1,1,0.5,8.6,2.0,4.5,0.444,0.5,1.5,0.333,0.0,0.0,0.0,2.0,1.0,3.0,0.5,1.0,0.0,0.0,0.5,2.5,0.5,4.5,5.0,0,0,5,"203929,1610612753"
1897,Metta World Peace,1610612747,LAL,35.0,3,1,2,0.333,18.3,1.0,4.0,0.25,0.0,1.7,0.0,2.3,2.3,1.0,0.3,2.7,3.0,1.7,1.3,0.0,0.3,0.0,2.0,1.7,4.3,-3.7,0,0,5,"1897,1610612747"
203086,Meyers Leonard,1610612757,POR,23.0,3,1,2,0.333,23.4,3.7,7.7,0.478,1.7,4.0,0.417,1.3,2.0,0.667,0.3,4.7,5.0,1.0,2.3,0.3,0.3,0.0,2.7,2.3,10.3,0.3,0,0,5,"203086,1610612757"
203487,Michael Carter-Williams,1610612749,MIL,24.0,2,0,2,0.0,17.5,4.0,6.5,0.615,0.5,1.5,0.333,1.5,2.0,0.75,1.0,2.0,3.0,2.0,1.5,1.0,0.5,0.5,3.0,1.5,10.0,-5.5,0,0,5,"203487,1610612749"
1626187,Michael Frazier,1610612747,LAL,21.0,2,1,1,0.5,14.9,0.5,2.5,0.2,0.5,1.5,0.333,0.0,1.0,0.0,0.0,2.0,2.0,0.5,1.0,0.0,0.0,1.0,1.5,1.0,1.5,-2.5,0,0,5,"1626187,1610612747"
1626261,Michael Holyfield,1610612763,MEM,22.0,1,1,0,1.0,8.0,0.0,0.0,0.0,0.0,0.0,0.0,0.0,0.0,0.0,0.0,0.0,0.0,0.0,1.0,0.0,0.0,0.0,2.0,0.0,0.0,-3.0,0,0,5,"1626261,1610612763"
203077,Michael Kidd-Gilchrist,1610612766,CHA,22.0,1,1,0,1.0,12.6,2.0,4.0,0.5,0.0,1.0,0.0,0.0,0.0,0.0,1.0,0.0,1.0,1.0,0.0,0.0,0.0,0.0,0.0,2.0,4.0,-7.0,0,0,5,"203077,1610612766"
1626252,Michale Kyser,1610612761,TOR,23.0,1,1,0,1.0,4.6,0.0,1.0,0.0,0.0,0.0,0.0,0.0,0.0,0.0,0.0,2.0,2.0,0.0,0.0,0.0,0.0,0.0,0.0,0.0,0.0,1.0,0,0,5,"1626252,1610612761"
201144,Mike Conley,1610612763,MEM,28.0,3,3,0,1.0,21.3,1.3,4.0,0.333,0.3,0.7,0.5,2.3,2.7,0.875,0.0,3.0,3.0,4.3,2.3,0.7,0.0,1.0,0.7,4.3,5.3,3.3,0,0,5,"201144,1610612763"
2034,Mike Miller,1610612743,DEN,35.0,1,1,0,1.0,17.8,3.0,6.0,0.5,3.0,6.0,0.5,0.0,0.0,0.0,0.0,3.0,3.0,5.0,0.0,1.0,0.0,0.0,2.0,0.0,9.0,11.0,0,0,5,"2034,1610612743"
203488,Mike Muscala,1610612737,ATL,24.0,2,2,0,1.0,13.8,1.5,3.5,0.429,1.0,1.5,0.667,0.5,1.0,0.5,1.0,1.5,2.5,0.0,1.5,1.5,0.5,0.5,2.5,1.0,4.5,10.5,0,0,5,"203488,1610612737"
203118,Mike Scott,1610612737,ATL,27.0,2,2,0,1.0,16.2,2.0,6.5,0.308,0.5,2.0,0.25,1.5,2.0,0.75,0.5,4.5,5.0,1.0,0.5,0.0,0.0,1.0,1.5,1.0,6.0,5.0,0,0,5,"203118,1610612737"
203101,Miles Plumlee,1610612749,MIL,27.0,2,0,2,0.0,9.0,1.0,3.0,0.333,0.0,0.0,0.0,4.0,4.5,0.889,1.0,2.5,3.5,0.0,1.0,0.0,0.5,0.5,1.0,3.0,6.0,-6.0,0,0,5,"203101,1610612749"
203141,Mirza Teletovic,1610612756,PHX,30.0,2,2,0,1.0,14.2,1.0,7.5,0.133,1.0,4.0,0.25,1.0,1.0,1.0,1.0,2.5,3.5,1.0,1.0,0.5,0.0,0.0,1.5,0.5,4.0,11.0,0,0,5,"203141,1610612756"
203956,Mitch McGary,1610612760,OKC,23.0,2,2,0,1.0,20.1,4.5,8.0,0.563,0.5,0.5,1.0,1.5,2.5,0.6,1.0,5.0,6.0,2.5,1.5,0.0,0.5,0.5,1.0,2.0,11.0,10.5,0,0,5,"203956,1610612760"
2590,Mo Williams,1610612739,CLE,32.0,2,0,2,0.0,19.7,2.0,5.0,0.4,0.5,3.0,0.167,1.0,1.5,0.667,0.0,0.5,0.5,3.0,1.0,1.0,0.0,0.0,2.0,1.0,5.5,10.5,0,0,5,"2590,1610612739"
101145,Monta Ellis,1610612754,IND,29.0,3,2,1,0.667,22.0,2.7,6.3,0.421,0.0,0.7,0.0,2.7,3.0,0.889,0.0,1.0,1.0,2.7,1.0,1.0,0.3,0.3,1.0,2.3,8.0,2.0,0,0,5,"101145,1610612754"
1626149,Montrezl Harrell,1610612745,HOU,21.0,1,0,1,0.0,19.4,1.0,4.0,0.25,0.0,0.0,0.0,2.0,2.0,1.0,2.0,2.0,4.0,1.0,0.0,0.0,0.0,0.0,3.0,1.0,4.0,-7.0,0,0,5,"1626149,1610612745"
1626167,Myles Turner,1610612754,IND,19.0,3,2,1,0.667,15.1,2.3,7.0,0.333,0.0,1.3,0.0,1.0,2.0,0.5,2.3,3.0,5.3,0.7,1.0,0.3,2.0,0.0,1.3,1.3,5.7,-6.0,0,0,5,"1626167,1610612754"
202357,Nemanja Bjelica,1610612750,MIN,27.0,2,0,2,0.0,18.9,3.5,4.5,0.778,1.0,1.0,1.0,3.0,3.0,1.0,3.0,4.0,7.0,1.5,3.0,1.5,0.0,0.5,1.5,1.5,11.0,-5.5,0,0,5,"202357,1610612750"
2403,Nene,1610612764,WAS,33.0,3,2,1,0.667,15.1,4.3,7.3,0.591,0.0,0.0,0.0,1.0,2.0,0.5,0.7,2.7,3.3,0.7,0.0,1.3,0.3,0.0,0.7,2.3,9.7,11.7,0,0,5,"2403,1610612764"
203457,Nerlens Noel,1610612755,PHI,21.0,2,1,1,0.5,24.3,3.0,6.5,0.462,0.0,0.0,0.0,5.5,9.0,0.611,2.5,7.5,10.0,2.5,2.0,2.0,1.0,0.0,2.0,4.5,11.5,-4.5,1,0,5,"203457,1610612755"
2555,Nick Collison,1610612760,OKC,34.0,1,1,0,1.0,14.7,3.0,6.0,0.5,0.0,1.0,0.0,0.0,0.0,0.0,2.0,1.0,3.0,0.0,0.0,0.0,0.0,0.0,1.0,0.0,6.0,7.0,0,0,5,"2555,1610612760"
203910,Nick Johnson,1610612743,DEN,22.0,2,2,0,1.0,8.4,0.0,1.5,0.0,0.0,1.0,0.0,0.0,0.0,0.0,0.0,0.0,0.0,0.5,0.5,0.0,0.0,0.0,2.0,0.0,0.0,-0.5,0,0,5,"203910,1610612743"
1626305,Nick Minnerath,1610612739,CLE,26.0,1,0,1,0.0,22.0,3.0,5.0,0.6,0.0,0.0,0.0,2.0,2.0,1.0,1.0,1.0,2.0,1.0,0.0,1.0,0.0,0.0,4.0,2.0,8.0,-12.0,0,0,5,"1626305,1610612739"
1626287,Nick Wiggins,1610612750,MIN,24.0,2,0,2,0.0,2.0,0.0,0.0,0.0,0.0,0.0,0.0,0.0,0.0,0.0,0.0,0.0,0.0,0.0,0.0,0.0,0.0,0.0,0.0,0.0,0.0,0.0,0,0,5,"1626287,1610612750"
201156,Nick Young,1610612747,LAL,30.0,4,1,3,0.25,24.4,4.3,10.3,0.415,2.3,5.5,0.409,0.8,1.3,0.6,0.8,1.8,2.5,1.0,0.3,0.5,0.0,0.3,2.3,1.0,11.5,3.3,0,0,5,"201156,1610612747"
201587,Nicolas Batum,1610612766,CHA,26.0,2,2,0,1.0,22.4,4.0,9.0,0.444,0.5,2.5,0.2,4.0,5.5,0.727,1.0,2.5,3.5,1.5,2.5,0.5,0.0,0.0,0.0,3.5,12.5,5.0,0,0,5,"201587,1610612766"
203999,Nikola Jokic,1610612743,DEN,20.0,3,2,1,0.667,20.4,5.3,7.0,0.762,0.0,0.3,0.0,1.3,2.0,0.667,2.7,2.7,5.3,0.0,1.7,1.7,0.3,0.0,2.3,1.7,12.0,15.3,0,0,5,"203999,1610612743"
202703,Nikola Mirotic,1610612741,CHI,24.0,3,2,1,0.667,22.8,5.0,10.7,0.469,1.7,5.3,0.313,3.0,4.0,0.75,1.0,5.7,6.7,2.3,3.0,1.0,0.3,0.0,3.3,4.7,14.7,0.3,0,0,5,"202703,1610612741"
202696,Nikola Vucevic,1610612753,ORL,24.0,3,2,1,0.667,23.8,5.7,12.3,0.459,0.0,0.0,0.0,2.0,2.7,0.75,1.7,5.3,7.0,1.7,1.7,1.0,1.7,1.0,2.3,3.7,13.3,1.0,0,0,5,"202696,1610612753"
1626295,Nnanna Egwu,1610612753,ORL,22.0,2,1,1,0.5,4.2,0.5,1.0,0.5,0.0,0.0,0.0,0.0,0.0,0.0,1.5,0.5,2.0,0.0,0.0,0.0,0.0,0.0,1.0,0.5,1.0,0.5,0,0,5,"1626295,1610612753"
1962937011,Nnanna Egwu,1610612753,ORL,115.0,1,0,1,0.0,15.1,0.0,0.0,0.0,0.0,0.0,0.0,0.0,0.0,0.0,3.0,3.0,6.0,1.0,1.0,1.0,1.0,0.0,1.0,0.0,0.0,0.0,0,0,5,"1962937011,1610612753"
203943,Noah Vonleh,1610612757,POR,20.0,3,1,2,0.333,24.6,2.7,6.7,0.4,0.0,0.7,0.0,1.3,1.3,1.0,4.3,3.7,8.0,0.3,1.3,0.7,0.0,0.7,3.0,1.7,6.7,7.0,1,0,5,"203943,1610612757"
1626181,Norman Powell,1610612761,TOR,22.0,3,2,1,0.667,14.3,3.0,6.3,0.474,0.0,1.0,0.0,1.0,2.0,0.5,0.0,0.3,0.3,0.7,0.7,0.7,0.3,0.0,1.3,1.0,7.0,-2.3,0,0,5,"1626181,1610612761"
202708,Norris Cole,1610612740,NOP,26.0,2,1,1,0.5,19.0,2.0,9.5,0.211,1.0,4.5,0.222,2.0,2.0,1.0,0.0,3.5,3.5,3.0,0.5,0.5,0.0,1.0,2.5,2.0,7.0,5.0,0,0,5,"202708,1610612740"
201564,O.J. Mayo,1610612749,MIL,27.0,2,0,2,0.0,9.4,1.0,3.5,0.286,0.0,1.0,0.0,1.0,1.5,0.667,0.0,0.5,0.5,0.5,1.0,0.0,0.0,0.0,1.0,0.5,3.0,-5.5,0,0,5,"201564,1610612749"
200762,Oleksiy Pecherov,1610612743,DEN,29.0,1,1,0,1.0,7.4,2.0,7.0,0.286,0.0,4.0,0.0,2.0,2.0,1.0,1.0,0.0,1.0,0.0,0.0,0.0,0.0,0.0,0.0,1.0,6.0,-6.0,0,0,5,"200762,1610612743"
204179,Omari Johnson,1610612757,POR,25.0,3,1,2,0.333,6.4,1.0,3.7,0.273,0.3,2.3,0.143,0.0,0.0,0.0,0.3,1.0,1.3,0.0,0.3,0.3,0.0,0.3,0.3,0.0,2.3,-4.0,0,0,5,"204179,1610612757"
201600,Omer Asik,1610612740,NOP,29.0,1,1,0,1.0,10.6,1.0,1.0,1.0,0.0,0.0,0.0,1.0,2.0,0.5,1.0,3.0,4.0,0.0,0.0,0.0,0.0,0.0,1.0,1.0,3.0,-5.0,0,0,5,"201600,1610612740"
201956,Omri Casspi,1610612758,SAC,27.0,4,3,1,0.75,14.0,2.0,5.5,0.364,0.3,1.0,0.25,0.8,1.0,0.75,0.0,3.5,3.5,0.5,2.5,0.0,0.0,0.0,0.5,1.3,5.0,-5.3,0,0,5,"201956,1610612758"
203490,Otto Porter,1610612764,WAS,22.0,3,2,1,0.667,26.7,5.7,9.0,0.63,1.3,2.0,0.667,1.7,2.0,0.833,0.3,3.7,4.0,2.0,0.7,0.7,0.0,0.3,1.0,1.3,14.3,15.0,0,0,5,"203490,1610612764"
203798,PJ Hairston,1610612766,CHA,22.0,2,2,0,1.0,21.8,1.5,6.0,0.25,1.0,4.5,0.222,2.0,2.5,0.8,0.5,2.0,2.5,0.0,0.0,1.0,0.0,0.0,4.0,3.0,6.0,-2.0,0,0,5,"203798,1610612766"
200782,PJ Tucker,1610612756,PHX,30.0,2,2,0,1.0,11.1,0.5,1.5,0.333,0.0,0.5,0.0,0.0,0.0,0.0,1.0,2.5,3.5,1.0,0.5,1.0,0.0,0.0,1.0,0.5,1.0,-3.5,0,0,5,"200782,1610612756"
203143,Pablo Prigioni,1610612746,LAC,38.0,3,1,2,0.333,17.9,1.7,4.3,0.385,1.0,2.7,0.375,0.0,0.0,0.0,1.3,1.3,2.7,2.7,1.3,0.7,0.0,0.0,1.3,1.3,4.3,-4.7,0,0,5,"203143,1610612746"
1626192,Pat Connaughton,1610612757,POR,22.0,3,1,2,0.333,23.5,2.3,6.7,0.35,1.3,4.3,0.308,0.0,0.0,0.0,0.7,5.0,5.7,2.3,1.0,0.0,0.0,0.0,3.0,0.3,6.0,-1.0,0,0,5,"1626192,1610612757"
201976,Patrick Beverley,1610612745,HOU,27.0,3,1,2,0.333,22.0,2.3,6.3,0.368,2.0,5.3,0.375,1.0,1.3,0.75,0.7,2.0,2.7,2.7,1.3,0.0,0.7,0.0,2.3,1.7,7.7,-1.0,0,0,5,"201976,1610612745"
202335,Patrick Patterson,1610612761,TOR,26.0,3,2,1,0.667,18.7,1.0,3.0,0.333,0.0,0.0,0.0,0.0,0.0,0.0,0.3,2.0,2.3,0.7,0.3,1.0,0.0,0.0,1.0,0.7,2.0,5.0,0,0,5,"202335,1610612761"
201988,Patty Mills,1610612759,SAS,27.0,2,0,2,0.0,20.7,4.0,7.5,0.533,0.5,2.0,0.25,0.0,0.0,0.0,0.0,1.0,1.0,3.0,1.0,0.5,0.0,0.0,1.0,1.0,8.5,-4.5,0,0,5,"201988,1610612759"
2200,Pau Gasol,1610612741,CHI,35.0,1,1,0,1.0,15.6,2.0,5.0,0.4,1.0,3.0,0.333,3.0,3.0,1.0,1.0,3.0,4.0,1.0,2.0,1.0,2.0,0.0,3.0,3.0,8.0,3.0,0,0,5,"2200,1610612741"
202331,Paul George,1610612754,IND,25.0,3,2,1,0.667,24.6,7.0,15.3,0.457,3.0,8.3,0.36,4.0,6.0,0.667,0.3,4.3,4.7,1.0,2.7,1.0,0.3,0.7,2.3,4.7,21.0,-0.3,0,0,5,"202331,1610612754"
200794,Paul Millsap,1610612737,ATL,30.0,2,2,0,1.0,21.0,2.5,9.0,0.278,0.5,2.0,0.25,1.5,2.0,0.75,0.5,7.0,7.5,2.0,1.5,0.5,0.5,1.5,1.5,3.0,7.0,-0.5,0,0,5,"200794,1610612737"
1718,Paul Pierce,1610612746,LAC,37.0,3,1,2,0.333,12.3,0.7,2.3,0.286,0.3,1.3,0.25,1.7,2.0,0.833,0.3,1.3,1.7,0.3,1.0,0.7,0.3,0.0,1.7,2.0,3.3,-5.7,0,0,5,"1718,1610612746"
203103,Perry Jones,1610612738,BOS,24.0,1,1,0,1.0,7.1,1.0,3.0,0.333,0.0,0.0,0.0,0.0,0.0,0.0,0.0,2.0,2.0,1.0,0.0,0.0,0.0,2.0,2.0,0.0,2.0,7.0,0,0,5,"203103,1610612738"
203515,Phil Pressey,1610612757,POR,24.0,2,0,2,0.0,23.0,1.5,8.0,0.188,0.0,2.0,0.0,1.0,1.0,1.0,1.5,1.5,3.0,3.5,1.5,0.0,0.5,0.5,3.5,2.5,4.0,-13.0,0,0,5,"203515,1610612757"
203112,Quincy Acy,1610612758,SAC,25.0,2,2,0,1.0,20.2,1.0,4.0,0.25,0.0,1.5,0.0,0.0,0.0,0.0,0.5,2.0,2.5,2.0,0.5,0.0,1.5,0.0,1.5,1.0,2.0,1.5,0,0,5,"203112,1610612758"
203113,Quincy Miller,1610612751,BKN,22.0,3,1,2,0.333,9.0,1.0,2.3,0.429,0.0,0.0,0.0,0.0,0.0,0.0,0.3,2.3,2.7,0.3,0.7,0.0,0.0,0.7,1.0,0.3,2.0,2.7,0,0,5,"203113,1610612751"
1626188,Quinn Cook,1610612739,CLE,22.0,3,0,3,0.0,16.2,1.7,3.7,0.455,0.3,1.0,0.333,0.0,0.0,0.0,0.0,1.7,1.7,3.0,0.7,0.3,0.0,0.3,2.7,0.7,3.7,-5.7,0,0,5,"1626188,1610612739"
1626154,RJ Hunter,1610612738,BOS,21.0,2,2,0,1.0,16.2,1.0,5.0,0.2,0.5,3.0,0.167,0.0,0.0,0.0,0.0,1.5,1.5,3.0,1.5,1.5,0.5,0.5,0.5,1.0,2.5,2.0,0,0,5,"1626154,1610612738"
200765,Rajon Rondo,1610612758,SAC,29.0,4,3,1,0.75,21.5,2.0,4.0,0.5,0.3,1.5,0.167,0.8,2.0,0.375,0.8,3.5,4.3,5.5,2.3,1.3,0.0,0.0,0.5,2.0,5.0,2.3,0,0,5,"200765,1610612758"
1626176,Rakeem Christmas,1610612754,IND,23.0,3,2,1,0.667,9.3,1.0,1.7,0.6,0.0,0.0,0.0,1.3,2.3,0.571,0.7,1.7,2.3,0.3,0.0,0.0,0.3,0.3,1.3,1.3,3.3,6.3,0,0,5,"1626176,1610612754"
201196,Ramon Sessions,1610612764,WAS,29.0,3,2,1,0.667,20.1,2.0,4.3,0.462,0.3,0.7,0.5,4.7,5.0,0.933,0.3,2.0,2.3,7.3,0.7,1.0,0.0,0.7,0.7,4.0,9.0,16.3,1,0,5,"201196,1610612764"
200751,Randy Foye,1610612743,DEN,32.0,3,2,1,0.667,18.3,1.7,4.3,0.385,1.0,2.7,0.375,0.0,0.0,0.0,0.3,1.0,1.3,0.7,1.0,0.7,0.3,0.0,2.0,0.0,4.3,-1.7,0,0,5,"200751,1610612743"
1626173,Rashad Vaughn,1610612749,MIL,19.0,2,0,2,0.0,29.2,6.5,13.0,0.5,2.0,5.0,0.4,0.5,1.5,0.333,0.0,2.0,2.0,1.5,3.0,0.0,0.0,1.0,1.0,1.0,15.5,-10.5,0,0,5,"1626173,1610612749"
2446,Rasual Butler,1610612759,SAS,36.0,2,0,2,0.0,9.1,2.5,4.0,0.625,1.0,1.5,0.667,0.5,0.5,1.0,0.5,2.5,3.0,0.0,0.0,0.0,0.0,0.0,1.0,0.0,6.5,11.0,0,0,5,"2446,1610612759"
203526,Raul Neto,1610612762,UTA,23.0,3,2,1,0.667,19.8,1.3,5.7,0.235,0.3,2.3,0.143,0.7,0.7,1.0,1.0,1.0,2.0,3.7,1.3,1.7,0.3,0.7,2.0,1.3,3.7,0.3,0,0,5,"203526,1610612762"
203492,Ray McCallum,1610612759,SAS,24.0,2,0,2,0.0,11.9,2.0,4.5,0.444,1.0,1.5,0.667,0.0,0.0,0.0,0.0,1.0,1.0,0.5,1.5,1.0,0.5,0.5,2.0,0.5,5.0,-4.0,0,0,5,"203492,1610612759"
101109,Raymond Felton,1610612742,DAL,31.0,2,0,2,0.0,19.7,3.5,9.0,0.389,0.5,2.0,0.25,0.0,0.0,0.0,0.5,1.5,2.0,5.5,2.0,0.5,0.0,1.0,2.5,1.0,7.5,-16.5,0,0,5,"101109,1610612742"
203493,Reggie Bullock,1610612765,DET,24.0,2,1,1,0.5,18.8,3.5,7.5,0.467,2.5,6.0,0.417,0.5,0.5,1.0,1.0,1.5,2.5,2.0,0.0,0.0,0.0,0.0,1.5,0.5,10.0,11.0,0,0,5,"203493,1610612765"
202704,Reggie Jackson,1610612765,DET,25.0,2,1,1,0.5,28.4,3.5,10.0,0.35,2.0,3.5,0.571,3.0,3.0,1.0,1.5,3.0,4.5,7.0,4.0,1.0,0.5,1.5,3.0,4.5,12.0,2.0,0,0,5,"202704,1610612765"
202130,Reggie Williams,1610612759,SAS,29.0,2,0,2,0.0,10.2,1.0,3.0,0.333,1.0,2.0,0.5,0.5,1.0,0.5,0.0,2.5,2.5,0.0,0.5,1.0,0.5,0.0,0.0,1.0,3.5,-9.0,0,0,5,"202130,1610612759"
2210,Richard Jefferson,1610612739,CLE,35.0,3,0,3,0.0,22.8,3.3,8.0,0.417,1.7,4.7,0.357,0.7,0.7,1.0,0.3,4.7,5.0,0.3,2.0,0.7,0.0,0.3,2.0,1.7,9.0,-4.7,0,0,5,"2210,1610612739"
1626158,Richaun Holmes,1610612755,PHI,21.0,3,2,1,0.667,10.6,1.3,3.3,0.4,0.7,1.3,0.5,0.3,1.3,0.25,0.3,2.0,2.3,1.0,0.7,0.0,0.7,0.0,1.0,1.3,3.7,0.0,0,0,5,"1626158,1610612755"
203496,Robert Covington,1610612755,PHI,24.0,3,2,1,0.667,26.0,4.7,10.7,0.438,2.7,6.7,0.4,2.3,3.0,0.778,2.3,4.3,6.7,3.7,2.3,2.3,1.3,0.0,2.0,2.3,14.3,4.0,0,0,5,"203496,1610612755"
203135,Robert Sacre,1610612747,LAL,26.0,2,0,2,0.0,9.9,0.5,2.0,0.25,0.0,0.0,0.0,0.0,0.0,0.0,0.0,1.0,1.0,0.5,0.5,0.5,0.5,0.0,2.0,0.5,1.0,-4.0,0,0,5,"203135,1610612747"
1626193,Robert Upshaw,1610612747,LAL,21.0,2,1,1,0.5,16.2,1.5,2.0,0.75,0.0,0.0,0.0,0.0,1.0,0.0,0.5,1.5,2.0,0.5,1.0,0.0,1.0,0.0,2.0,1.0,3.0,-7.0,0,0,5,"1626193,1610612747"
201577,Robin Lopez,1610612752,NYK,27.0,2,2,0,1.0,18.1,2.0,5.5,0.364,0.0,0.0,0.0,2.5,3.0,0.833,2.0,1.5,3.5,1.0,1.0,0.5,0.0,0.0,2.0,2.0,6.5,7.0,0,0,5,"201577,1610612752"
203918,Rodney Hood,1610612762,UTA,22.0,3,2,1,0.667,26.0,4.0,10.7,0.375,1.0,3.7,0.273,2.0,2.3,0.857,0.0,2.0,2.0,2.3,1.0,0.0,0.3,0.3,2.7,1.7,11.0,-7.3,0,0,5,"203918,1610612762"
201155,Rodney Stuckey,1610612754,IND,29.0,3,2,1,0.667,17.1,1.0,4.0,0.25,0.0,0.7,0.0,1.0,1.7,0.6,0.3,3.0,3.3,2.0,0.3,0.3,0.3,0.3,1.3,1.0,3.0,-4.3,0,0,5,"201155,1610612754"
204040,Ronald Roberts,1610612761,TOR,24.0,3,2,1,0.667,7.6,1.0,1.0,1.0,0.0,0.0,0.0,1.3,1.7,0.8,1.0,1.7,2.7,0.0,0.3,0.0,0.0,0.0,1.3,1.0,3.3,-0.7,0,0,5,"204040,1610612761"
1626178,Rondae Hollis-Jefferson,1610612751,BKN,20.0,3,1,2,0.333,22.1,1.0,4.0,0.25,0.0,0.0,0.0,0.7,0.7,1.0,0.3,2.7,3.0,1.0,0.7,1.7,0.0,0.3,2.0,1.3,2.7,7.0,0,0,5,"1626178,1610612751"
101179,Ronnie Price,1610612756,PHX,32.0,2,2,0,1.0,21.0,3.5,8.0,0.438,1.0,3.5,0.286,0.0,0.0,0.0,0.0,2.5,2.5,3.0,1.5,0.5,0.0,0.5,2.0,1.5,8.0,8.0,0,0,5,"101179,1610612756"
201579,Roy Hibbert,1610612747,LAL,28.0,4,1,3,0.25,24.8,2.8,6.5,0.423,0.0,0.0,0.0,2.3,3.0,0.75,4.8,5.8,10.5,2.3,1.0,0.0,1.8,0.8,2.3,3.8,7.8,1.3,1,0,5,"201579,1610612747"
200752,Rudy Gay,1610612758,SAC,29.0,3,2,1,0.667,27.2,7.3,12.3,0.595,2.7,4.7,0.571,2.7,3.3,0.8,1.7,5.7,7.3,1.7,3.3,0.7,0.7,0.3,1.0,3.3,20.0,2.7,0,0,5,"200752,1610612758"
203497,Rudy Gobert,1610612762,UTA,23.0,3,2,1,0.667,19.4,2.0,4.3,0.462,0.0,0.0,0.0,2.0,4.0,0.5,1.3,5.0,6.3,0.7,1.3,0.0,0.7,0.3,1.7,3.0,6.0,6.3,0,0,5,"203497,1610612762"
203893,Russ Smith,1610612763,MEM,24.0,2,2,0,1.0,16.2,1.0,4.0,0.25,0.0,0.5,0.0,4.5,5.5,0.818,1.0,1.5,2.5,1.5,3.0,0.5,0.0,0.0,1.5,3.5,6.5,1.0,0,0,5,"203893,1610612763"
201566,Russell Westbrook,1610612760,OKC,26.0,2,2,0,1.0,22.1,5.5,12.0,0.458,0.5,2.0,0.25,3.5,3.5,1.0,2.0,2.0,4.0,9.0,2.0,1.5,0.0,0.5,1.0,5.0,15.0,19.5,1,0,5,"201566,1610612760"
201583,Ryan Anderson,1610612740,NOP,27.0,2,1,1,0.5,17.6,0.5,5.5,0.091,0.0,2.0,0.0,1.0,2.0,0.5,3.0,2.0,5.0,0.5,0.0,0.0,1.0,1.0,1.0,1.5,2.0,-2.5,0,0,5,"201583,1610612740"
1626207,Ryan Boatright,1610612751,BKN,22.0,2,1,1,0.5,8.9,0.5,3.0,0.167,0.0,0.5,0.0,0.0,0.0,0.0,0.0,0.5,0.5,2.0,1.0,1.5,0.0,0.5,1.0,1.0,1.0,2.5,0,0,5,"1626207,1610612751"
200797,Ryan Hollins,1610612763,MEM,31.0,3,3,0,1.0,11.2,2.3,3.0,0.778,0.0,0.0,0.0,1.0,2.0,0.5,1.3,2.7,4.0,0.3,1.0,0.0,0.0,0.0,1.7,2.0,5.7,3.7,0,0,5,"200797,1610612763"
203527,Ryan Kelly,1610612747,LAL,24.0,3,1,2,0.333,14.1,2.3,4.3,0.538,1.0,1.3,0.75,1.7,2.7,0.625,0.7,3.0,3.7,1.0,0.3,0.3,1.0,0.0,1.3,2.0,7.3,8.0,0,0,5,"203527,1610612747"
1626155,Sam Dekker,1610612745,HOU,21.0,3,1,2,0.333,23.0,3.0,7.3,0.409,1.0,4.0,0.25,0.3,1.7,0.2,1.7,1.0,2.7,1.0,0.3,1.7,0.0,0.3,2.0,1.3,7.3,2.7,0,0,5,"1626155,1610612745"
1626280,Sam Thompson,1610612766,CHA,22.0,2,2,0,1.0,5.4,0.5,1.0,0.5,0.0,0.0,0.0,0.0,0.0,0.0,0.0,0.5,0.5,0.0,0.0,0.0,0.0,0.5,0.5,0.0,1.0,1.5,0,0,5,"1626280,1610612766"
1962937132,Sampson Carter,1610612763,MEM,115.0,1,1,0,1.0,12.0,0.0,2.0,0.0,0.0,2.0,0.0,4.0,4.0,1.0,0.0,0.0,0.0,0.0,0.0,0.0,0.0,0.0,0.0,2.0,4.0,-5.0,0,0,5,"1962937132,1610612763"
1627258,Sampson Carter,1610612763,MEM,25.0,2,2,0,1.0,3.7,0.0,0.0,0.0,0.0,0.0,0.0,0.0,0.0,0.0,0.0,0.5,0.5,0.5,0.5,0.5,0.5,0.0,0.5,0.0,0.0,4.0,0,0,5,"1627258,1610612763"
2223,Samuel Dalembert,1610612742,DAL,34.0,2,0,2,0.0,17.5,3.0,5.5,0.545,0.0,0.0,0.0,1.0,1.5,0.667,2.0,4.5,6.5,0.0,2.0,0.5,2.0,0.0,3.0,1.0,7.0,-8.5,0,0,5,"2223,1610612742"
201619,Sasha Kaun,1610612739,CLE,30.0,3,0,3,0.0,20.8,0.7,1.7,0.4,0.0,0.0,0.0,1.0,1.3,0.75,1.0,3.3,4.3,1.0,2.3,0.3,0.7,0.0,3.0,1.3,2.3,-1.0,0,0,5,"201619,1610612739"
2756,Sasha Vujacic,1610612752,NYK,31.0,2,2,0,1.0,22.3,3.0,6.5,0.462,1.5,2.5,0.6,1.5,1.5,1.0,1.5,3.5,5.0,2.0,1.5,0.0,0.5,0.0,1.0,3.0,9.0,3.5,0,0,5,"2756,1610612752"
203959,Scottie Wilbekin,1610612755,PHI,22.0,2,1,1,0.5,13.4,1.5,4.0,0.375,1.0,3.5,0.286,0.0,0.0,0.0,0.0,0.5,0.5,2.0,1.0,0.5,0.0,0.0,0.5,0.0,4.0,-10.0,0,0,5,"203959,1610612755"
203930,Sean Kilpatrick,1610612740,NOP,25.0,2,1,1,0.5,10.9,2.5,8.0,0.313,0.5,3.0,0.167,1.5,1.5,1.0,0.0,0.5,0.5,0.0,1.0,0.5,0.0,0.5,0.5,0.5,7.0,-3.5,0,0,5,"203930,1610612740"
201586,Serge Ibaka,1610612760,OKC,26.0,2,2,0,1.0,21.9,5.0,8.5,0.588,1.5,2.0,0.75,1.0,1.0,1.0,0.5,4.5,5.0,0.5,1.0,0.0,1.5,0.0,1.0,0.5,12.5,16.5,0,0,5,"201586,1610612760"
203508,Sergey Karasev,1610612751,BKN,21.0,1,0,1,0.0,16.4,2.0,5.0,0.4,2.0,4.0,0.5,1.0,1.0,1.0,1.0,0.0,1.0,1.0,0.0,2.0,0.0,0.0,2.0,1.0,7.0,2.0,0,0,5,"203508,1610612751"
203552,Seth Curry,1610612758,SAC,25.0,2,2,0,1.0,10.5,1.5,4.0,0.375,0.0,1.0,0.0,1.0,1.5,0.667,0.0,0.5,0.5,0.5,1.0,1.0,0.0,0.0,1.5,1.5,4.0,3.5,0,0,5,"203552,1610612758"
203498,Shabazz Muhammad,1610612750,MIN,22.0,2,0,2,0.0,15.5,3.0,9.0,0.333,1.0,3.0,0.333,2.0,4.0,0.5,0.5,0.5,1.0,1.0,0.0,0.5,0.0,0.0,1.5,2.5,9.0,8.5,0,0,5,"203498,1610612750"
203894,Shabazz Napier,1610612753,ORL,24.0,3,1,2,0.333,11.0,2.3,4.0,0.583,1.3,2.0,0.667,1.3,1.3,1.0,0.0,1.3,1.3,2.0,0.3,0.3,0.0,0.0,1.3,1.0,7.3,-0.7,0,0,5,"203894,1610612753"
203499,Shane Larkin,1610612751,BKN,23.0,3,1,2,0.333,22.9,3.7,9.7,0.379,1.3,2.0,0.667,1.3,2.0,0.667,0.3,3.3,3.7,4.0,2.3,1.3,0.0,1.0,3.0,2.0,10.0,6.7,0,0,5,"203499,1610612751"
1626263,Shannon Scott,1610612761,TOR,22.0,1,0,1,0.0,6.5,0.0,0.0,0.0,0.0,0.0,0.0,0.0,0.0,0.0,0.0,3.0,3.0,1.0,0.0,1.0,0.0,0.0,2.0,1.0,0.0,4.0,0,0,5,"1626263,1610612761"
2733,Shaun Livingston,1610612744,GSW,30.0,2,1,1,0.5,18.2,2.0,5.0,0.4,0.0,0.0,0.0,1.0,1.0,1.0,0.5,1.0,1.5,3.0,1.0,0.5,0.0,0.5,1.0,1.0,5.0,-7.5,0,0,5,"2733,1610612744"
203963,Shayne Whittington,1610612754,IND,24.0,3,2,1,0.667,7.7,1.0,2.0,0.5,0.3,1.0,0.333,0.3,1.0,0.333,1.3,2.3,3.7,0.3,1.0,0.0,0.0,0.0,2.7,0.7,2.7,1.7,0,0,5,"203963,1610612754"
202714,Shelvin Mack,1610612737,ATL,25.0,2,2,0,1.0,9.3,0.5,2.0,0.25,0.0,1.0,0.0,2.0,2.0,1.0,0.0,0.5,0.5,3.5,1.5,0.5,0.0,0.0,0.0,1.5,3.0,5.0,0,0,5,"202714,1610612737"
203524,Solomon Hill,1610612754,IND,24.0,2,1,1,0.5,17.1,3.0,5.5,0.545,0.5,1.5,0.333,1.5,2.0,0.75,1.0,2.5,3.5,0.0,0.5,1.0,0.0,0.0,1.0,3.0,8.0,-7.0,0,0,5,"203524,1610612754"
201603,Sonny Weems,1610612756,PHX,29.0,2,2,0,1.0,14.1,1.0,3.0,0.333,0.0,1.0,0.0,0.0,0.0,0.0,0.0,3.5,3.5,3.0,0.5,1.0,0.0,0.0,1.0,0.0,2.0,9.5,0,0,5,"201603,1610612756"
203915,Spencer Dinwiddie,1610612765,DET,22.0,3,1,2,0.333,21.4,2.0,4.7,0.429,0.0,1.0,0.0,3.0,3.3,0.9,0.7,2.7,3.3,5.3,2.0,0.7,0.0,0.7,3.7,3.0,7.0,-1.0,0,0,5,"203915,1610612765"
201150,Spencer Hawes,1610612766,CHA,27.0,2,2,0,1.0,21.6,2.5,9.5,0.263,0.5,3.5,0.143,1.5,2.0,0.75,0.5,7.0,7.5,2.5,0.0,0.5,0.0,0.5,1.5,0.5,7.0,6.5,1,0,5,"201150,1610612766"
1626169,Stanley Johnson,1610612765,DET,19.0,3,1,2,0.333,30.6,6.0,13.3,0.45,2.3,4.0,0.583,3.3,4.0,0.833,1.0,4.3,5.3,2.7,2.7,1.3,1.0,1.0,2.3,3.0,17.7,8.0,0,0,5,"1626169,1610612765"
202513,Stefhon Hannah,1610612741,CHI,30.0,1,1,0,1.0,1.4,0.0,0.0,0.0,0.0,0.0,0.0,0.0,0.0,0.0,0.0,0.0,0.0,0.0,1.0,0.0,0.0,0.0,1.0,0.0,0.0,-3.0,0,0,5,"202513,1610612741"
201939,Stephen Curry,1610612744,GSW,27.0,2,1,1,0.5,22.7,5.5,10.5,0.524,4.5,8.0,0.563,6.5,8.5,0.765,1.0,2.0,3.0,4.5,3.0,0.5,0.5,0.0,3.5,4.5,22.0,3.5,0,0,5,"201939,1610612744"
200779,Steve Novak,1610612760,OKC,32.0,2,2,0,1.0,7.0,1.0,2.0,0.5,0.5,1.0,0.5,0.0,0.0,0.0,0.0,1.0,1.0,0.0,0.0,0.0,0.5,0.0,0.0,0.0,2.5,0.0,0,0,5,"200779,1610612760"
203500,Steven Adams,1610612760,OKC,22.0,1,1,0,1.0,21.2,3.0,5.0,0.6,0.0,0.0,0.0,4.0,5.0,0.8,5.0,3.0,8.0,0.0,2.0,0.0,1.0,1.0,3.0,5.0,10.0,4.0,0,0,5,"203500,1610612760"
204456,TJ McConnell,1610612755,PHI,23.0,2,2,0,1.0,20.3,2.5,5.0,0.5,0.5,1.5,0.333,1.0,1.5,0.667,0.5,3.0,3.5,5.0,2.0,2.5,0.5,0.0,1.5,2.0,6.5,-3.0,0,0,5,"204456,1610612755"
203933,TJ Warren,1610612756,PHX,22.0,2,2,0,1.0,26.6,6.5,13.5,0.481,0.0,1.5,0.0,0.5,1.0,0.5,2.0,1.0,3.0,0.5,2.0,0.5,0.0,1.0,3.5,1.0,13.5,7.0,0,0,5,"203933,1610612756"
204075,Talib Zanna,1610612760,OKC,25.0,1,1,0,1.0,8.3,1.0,1.0,1.0,0.0,0.0,0.0,0.0,0.0,0.0,1.0,0.0,1.0,0.0,0.0,0.0,1.0,0.0,0.0,0.0,2.0,0.0,0,0,5,"204075,1610612760"
204028,Tarik Black,1610612747,LAL,23.0,2,1,1,0.5,15.6,3.5,5.5,0.636,0.0,0.0,0.0,0.0,1.5,0.0,2.5,1.5,4.0,0.0,1.0,0.5,0.5,1.0,1.0,1.0,7.0,11.0,0,0,5,"204028,1610612747"
2419,Tayshaun Prince,1610612750,MIN,35.0,1,0,1,0.0,7.7,0.0,0.0,0.0,0.0,0.0,0.0,0.0,0.0,0.0,0.0,1.0,1.0,0.0,0.0,0.0,0.0,0.0,0.0,0.0,0.0,-7.0,0,0,5,"2419,1610612750"
1626189,Terran Petteway,1610612737,ATL,23.0,2,2,0,1.0,9.5,1.0,1.0,1.0,0.5,0.5,1.0,0.0,0.0,0.0,0.0,0.0,0.0,1.5,0.5,0.5,0.0,0.0,1.5,0.5,2.5,7.0,0,0,5,"1626189,1610612737"
203093,Terrence Jones,1610612745,HOU,23.0,2,0,2,0.0,19.0,2.0,7.0,0.286,0.0,1.5,0.0,1.0,2.0,0.5,2.5,3.5,6.0,1.0,2.5,1.0,0.5,1.0,2.0,1.5,5.0,1.5,0,0,5,"203093,1610612745"
203082,Terrence Ross,1610612761,TOR,24.0,3,2,1,0.667,18.5,1.7,5.7,0.294,0.7,2.3,0.286,1.0,1.3,0.75,1.3,1.0,2.3,2.0,2.3,1.7,0.7,0.0,2.0,1.3,5.0,4.7,0,0,5,"203082,1610612761"
202358,Terrico White,1610612756,PHX,25.0,2,2,0,1.0,4.1,0.0,1.5,0.0,0.0,1.0,0.0,0.0,0.0,0.0,1.0,0.0,1.0,0.0,0.0,0.5,0.5,0.0,0.0,0.0,0.0,-2.5,0,0,5,"202358,1610612756"
1626179,Terry Rozier,1610612738,BOS,21.0,2,2,0,1.0,16.5,4.5,7.0,0.643,1.5,2.5,0.6,1.0,1.5,0.667,0.5,1.5,2.0,2.5,1.0,1.0,0.0,0.5,1.0,2.0,11.5,5.5,0,0,5,"1626179,1610612738"
201152,Thaddeus Young,1610612751,BKN,27.0,3,1,2,0.333,23.2,4.0,7.0,0.571,0.0,0.0,0.0,1.7,2.7,0.625,1.7,5.0,6.7,1.0,2.7,2.0,0.0,0.7,2.7,3.0,9.7,-4.3,0,0,5,"201152,1610612751"
203648,Thanasis Antetokounmpo,1610612752,NYK,23.0,1,1,0,1.0,2.5,0.0,0.0,0.0,0.0,0.0,0.0,0.0,0.0,0.0,0.0,1.0,1.0,1.0,0.0,0.0,0.0,0.0,0.0,0.0,0.0,-1.0,0,0,5,"203648,1610612752"
203080,Thomas Robinson,1610612751,BKN,24.0,1,0,1,0.0,25.9,6.0,11.0,0.545,0.0,0.0,0.0,0.0,1.0,0.0,9.0,7.0,16.0,1.0,0.0,2.0,2.0,1.0,2.0,3.0,12.0,5.0,1,0,5,"203080,1610612751"
201168,Tiago Splitter,1610612737,ATL,30.0,2,2,0,1.0,14.6,2.0,3.0,0.667,0.0,0.0,0.0,1.5,3.0,0.5,1.0,3.0,4.0,0.5,0.5,0.0,0.5,0.0,1.5,2.5,5.5,-9.5,0,0,5,"201168,1610612737"
202353,Tibor Pleiss,1610612762,UTA,25.0,3,2,1,0.667,11.2,0.7,2.0,0.333,0.0,0.3,0.0,2.0,2.0,1.0,0.7,2.7,3.3,0.0,1.7,0.0,0.0,0.0,2.7,1.0,3.3,-5.7,0,0,5,"202353,1610612762"
1495,Tim Duncan,1610612759,SAS,39.0,1,0,1,0.0,18.6,7.0,7.0,1.0,0.0,0.0,0.0,0.0,0.0,0.0,2.0,4.0,6.0,2.0,0.0,0.0,0.0,0.0,1.0,1.0,14.0,16.0,0,0,5,"1495,1610612759"
204025,Tim Frazier,1610612757,POR,24.0,2,1,1,0.5,19.4,2.0,4.0,0.5,1.5,2.5,0.6,1.0,1.0,1.0,1.0,2.0,3.0,4.5,2.5,1.5,0.0,0.0,4.0,1.0,6.5,3.0,0,0,5,"204025,1610612757"
203501,Tim Hardaway Jr.,1610612737,ATL,23.0,2,2,0,1.0,19.2,1.5,4.5,0.333,1.5,3.5,0.429,0.5,1.0,0.5,0.0,2.5,2.5,0.5,1.0,0.0,0.0,0.5,2.0,1.0,5.0,5.0,0,0,5,"203501,1610612737"
202389,Timofey Mozgov,1610612739,CLE,29.0,2,0,2,0.0,23.9,4.0,7.0,0.571,0.0,0.5,0.0,1.0,2.0,0.5,1.5,3.5,5.0,1.0,1.0,0.0,0.5,0.0,1.5,2.0,9.0,3.0,0,0,5,"202389,1610612739"
202699,Tobias Harris,1610612753,ORL,23.0,4,2,2,0.5,24.7,5.5,8.8,0.629,0.8,1.3,0.6,0.8,1.0,0.75,0.5,5.8,6.3,1.3,1.3,0.8,0.3,0.5,2.3,1.0,12.5,-3.3,1,0,5,"202699,1610612753"
201962,Toney Douglas,1610612754,IND,29.0,3,2,1,0.667,8.2,0.7,2.7,0.25,0.0,0.7,0.0,2.0,2.0,1.0,0.3,0.3,0.7,1.0,0.7,1.7,0.0,0.0,1.3,1.3,3.3,-0.7,0,0,5,"201962,1610612754"
2754,Tony Allen,1610612763,MEM,33.0,2,2,0,1.0,11.4,2.0,2.5,0.8,0.5,1.0,0.5,0.0,0.0,0.0,0.5,1.5,2.0,0.0,0.5,1.5,0.0,0.0,1.5,1.0,4.5,-0.5,0,0,5,"2754,1610612763"
2225,Tony Parker,1610612759,SAS,33.0,1,0,1,0.0,19.2,3.0,7.0,0.429,0.0,0.0,0.0,2.0,2.0,1.0,0.0,3.0,3.0,5.0,3.0,1.0,0.0,0.0,1.0,1.0,8.0,14.0,0,0,5,"2225,1610612759"
203503,Tony Snell,1610612741,CHI,23.0,3,2,1,0.667,31.1,2.3,10.0,0.233,1.0,4.7,0.214,1.0,1.3,0.75,1.0,3.7,4.7,1.7,0.7,1.0,0.0,0.7,1.7,1.7,6.7,-0.3,0,0,5,"203503,1610612741"
203315,Toure Murry,1610612764,WAS,25.0,3,2,1,0.667,5.4,1.0,1.0,1.0,0.0,0.0,0.0,0.7,1.3,0.5,0.3,1.0,1.3,0.3,0.3,0.0,0.0,0.0,0.3,0.7,2.7,1.0,0,0,5,"203315,1610612764"
1626203,Treveon Graham,1610612762,UTA,21.0,1,0,1,0.0,1.7,0.0,1.0,0.0,0.0,1.0,0.0,1.0,2.0,0.5,0.0,0.0,0.0,0.0,0.0,0.0,0.0,0.0,0.0,1.0,1.0,-2.0,0,0,5,"1626203,1610612762"
2772,Trevor Ariza,1610612745,HOU,30.0,2,0,2,0.0,21.3,4.0,7.5,0.533,1.5,3.5,0.429,2.0,2.0,1.0,0.5,1.0,1.5,3.0,0.5,2.5,0.0,0.0,1.0,1.0,11.5,5.5,0,0,5,"2772,1610612745"
202344,Trevor Booker,1610612762,UTA,27.0,3,2,1,0.667,17.6,2.0,4.7,0.429,0.0,0.7,0.0,1.7,3.3,0.5,1.7,2.7,4.3,1.0,1.3,0.7,0.0,0.3,1.7,2.3,5.7,2.3,0,0,5,"202344,1610612762"
203504,Trey Burke,1610612762,UTA,22.0,2,2,0,1.0,26.2,4.5,10.5,0.429,1.5,4.5,0.333,2.0,2.0,1.0,1.0,3.0,4.0,4.0,4.0,0.5,0.0,0.5,1.5,2.0,12.5,3.0,0,0,5,"203504,1610612762"
1626168,Trey Lyles,1610612762,UTA,19.0,3,2,1,0.667,15.9,2.7,5.3,0.5,0.0,0.3,0.0,1.0,1.7,0.6,0.7,2.3,3.0,0.7,1.3,0.3,0.3,0.0,2.3,1.0,6.3,3.3,0,0,5,"1626168,1610612762"
201951,Ty Lawson,1610612745,HOU,27.0,2,0,2,0.0,22.1,4.0,7.0,0.571,1.0,2.0,0.5,1.5,2.0,0.75,0.0,3.5,3.5,2.0,1.0,2.0,0.0,0.5,2.5,3.0,10.5,3.5,0,0,5,"201951,1610612745"
201946,Tyler Hansbrough,1610612766,CHA,29.0,1,1,0,1.0,32.0,1.0,4.0,0.25,0.0,0.0,0.0,2.0,4.0,0.5,6.0,11.0,17.0,0.0,1.0,0.0,0.0,1.0,2.0,6.0,4.0,17.0,0,0,5,"201946,1610612766"
204020,Tyler Johnson,1610612748,MIA,23.0,3,1,2,0.333,15.1,3.0,6.0,0.5,0.7,1.3,0.5,1.0,1.3,0.75,1.3,1.3,2.7,0.3,0.0,0.0,0.0,0.3,1.0,1.0,7.7,6.0,0,0,5,"204020,1610612748"
203092,Tyler Zeller,1610612738,BOS,25.0,2,2,0,1.0,17.6,3.5,5.5,0.636,0.0,0.0,0.0,1.5,2.0,0.75,1.5,2.5,4.0,1.0,1.0,0.5,1.0,0.0,2.0,1.0,8.5,5.5,0,0,5,"203092,1610612738"
201936,Tyreke Evans,1610612740,NOP,26.0,1,0,1,0.0,24.4,8.0,15.0,0.533,1.0,3.0,0.333,0.0,0.0,0.0,1.0,8.0,9.0,2.0,4.0,0.0,0.0,1.0,1.0,4.0,17.0,-11.0,0,0,5,"201936,1610612740"
2199,Tyson Chandler,1610612756,PHX,33.0,2,2,0,1.0,15.1,1.5,3.0,0.5,0.0,0.0,0.0,1.0,2.0,0.5,2.5,2.5,5.0,1.0,0.5,1.0,0.5,0.0,3.0,1.0,4.0,-4.0,0,0,5,"2199,1610612756"
1626145,Tyus Jones,1610612750,MIN,19.0,2,0,2,0.0,24.4,2.5,7.0,0.357,1.5,2.5,0.6,2.5,2.5,1.0,0.0,1.5,1.5,6.5,2.0,1.0,0.0,0.5,2.0,3.0,9.0,-12.5,0,0,5,"1626145,1610612750"
2617,Udonis Haslem,1610612748,MIA,35.0,3,1,2,0.333,17.9,1.3,3.0,0.444,0.0,0.7,0.0,0.0,0.7,0.0,0.3,4.0,4.3,0.3,0.7,0.3,0.3,0.7,3.7,0.7,2.7,-0.3,0,0,5,"2617,1610612748"
203506,Victor Oladipo,1610612753,ORL,23.0,4,2,2,0.5,24.1,5.0,8.5,0.588,1.3,2.5,0.5,2.0,2.0,1.0,1.0,1.8,2.8,2.5,0.8,1.8,0.3,1.0,2.3,1.0,13.3,-3.0,0,0,5,"203506,1610612753"
1713,Vince Carter,1610612763,MEM,38.0,3,3,0,1.0,11.9,1.0,2.7,0.375,0.3,1.0,0.333,0.0,0.0,0.0,0.0,0.3,0.3,1.0,0.7,0.3,0.7,0.0,2.7,0.3,2.3,-1.0,0,0,5,"1713,1610612763"
204002,Walter Tavares,1610612737,ATL,23.0,2,2,0,1.0,11.4,4.0,5.0,0.8,0.0,0.0,0.0,1.5,4.0,0.375,1.0,4.0,5.0,0.5,1.0,1.0,0.5,0.0,2.5,2.0,9.5,2.5,0,0,5,"204002,1610612737"
201961,Wayne Ellington,1610612751,BKN,27.0,3,1,2,0.333,24.4,3.3,8.3,0.4,2.3,5.0,0.467,1.7,2.3,0.714,0.7,1.0,1.7,1.0,1.3,0.3,0.0,0.0,1.3,2.0,10.7,-0.3,0,0,5,"201961,1610612751"
202325,Wesley Johnson,1610612746,LAC,28.0,3,1,2,0.333,21.5,2.0,4.7,0.429,0.7,2.3,0.286,0.0,0.3,0.0,0.3,1.3,1.7,1.0,1.0,1.3,0.3,0.0,2.3,0.7,4.7,2.7,0,0,5,"202325,1610612746"
203115,Will Barton,1610612743,DEN,24.0,3,2,1,0.667,22.9,4.0,8.7,0.462,0.3,1.7,0.2,3.0,3.7,0.818,1.3,6.0,7.3,2.0,1.7,2.0,0.3,1.3,1.3,3.3,11.3,6.7,1,0,5,"203115,1610612743"
1626270,Will Cummings,1610612745,HOU,23.0,3,1,2,0.333,10.2,0.7,2.0,0.333,0.7,1.0,0.667,0.7,1.3,0.5,0.0,1.0,1.0,2.0,1.3,0.0,0.0,0.0,1.7,1.3,2.7,5.7,0,0,5,"1626270,1610612745"
1626161,Willie Cauley-Stein,1610612758,SAC,22.0,4,3,1,0.75,23.7,2.5,5.0,0.5,0.0,0.0,0.0,1.3,1.8,0.714,3.0,4.0,7.0,0.3,0.3,1.0,1.5,1.0,2.8,1.3,6.3,5.8,0,0,5,"1626161,1610612758"
201163,Wilson Chandler,1610612743,DEN,28.0,2,1,1,0.5,22.6,3.0,8.5,0.353,0.5,2.5,0.2,1.5,2.5,0.6,1.5,4.5,6.0,3.0,0.5,2.0,0.0,1.0,1.0,2.5,8.0,-4.0,0,0,5,"201163,1610612743"
200821,Yakhouba Diawara,1610612763,MEM,33.0,3,3,0,1.0,13.8,1.3,3.7,0.364,1.0,2.7,0.375,0.3,0.7,0.5,0.3,1.7,2.0,0.7,1.0,0.0,0.0,0.0,1.3,0.7,4.0,1.3,0,0,5,"200821,1610612763"
1626304,Youssou Ndoye,1610612759,SAS,24.0,2,0,2,0.0,9.1,0.5,2.0,0.25,0.0,0.0,0.0,0.0,1.0,0.0,0.5,0.5,1.0,0.5,0.0,0.5,0.0,0.0,1.0,2.0,1.0,-1.5,0,0,5,"1626304,1610612759"
203897,Zach LaVine,1610612750,MIN,20.0,2,0,2,0.0,28.2,1.5,9.5,0.158,0.5,3.0,0.167,2.0,2.5,0.8,0.0,2.0,2.0,3.0,1.0,1.5,0.0,1.5,0.5,1.5,5.5,-8.5,0,0,5,"203897,1610612750"
2216,Zach Randolph,1610612763,MEM,34.0,3,3,0,1.0,16.4,3.3,6.3,0.526,0.0,0.0,0.0,0.3,0.7,0.5,0.0,2.0,2.0,1.3,1.7,0.7,0.3,0.3,1.3,1.0,7.0,-0.3,0,0,5,"2216,1610612763"
2585,Zaza Pachulia,1610612742,DAL,31.0,2,0,2,0.0,19.1,1.5,4.0,0.375,0.0,0.0,0.0,2.0,2.0,1.0,2.5,3.5,6.0,1.5,1.0,0.5,0.5,0.0,2.5,2.0,5.0,-7.0,0,0,5,"2585,1610612742"
