CLOSE_DEF_PERSON_ID,PLAYER_NAME,PLAYER_LAST_TEAM_ID,PLAYER_LAST_TEAM_ABBREVIATION,PLAYER_POSITION,AGE,GP,G,FREQ,D_FGM,D_FGA,D_FG_PCT,NORMAL_FG_PCT,PCT_PLUSMINUS
201586,Serge Ibaka,1610612760,OKC,F,26.0,19,19,1.0,7.32,16.79,0.436,0.441,-0.006
203110,Draymond Green,1610612744,GSW,F,25.0,19,19,1.0,6.37,16.37,0.389,0.454,-0.065
203076,Anthony Davis,1610612740,NOP,F-C,22.0,16,16,1.0,6.31,16.06,0.393,0.45,-0.057
202326,DeMarcus Cousins,1610612758,SAC,F-C,25.0,11,11,1.0,6.36,15.82,0.402,0.457,-0.055
201572,Brook Lopez,1610612751,BKN,C,27.0,18,18,1.0,7.0,15.28,0.458,0.463,-0.005
202355,Hassan Whiteside,1610612748,MIA,C,26.0,17,17,1.0,6.47,14.94,0.433,0.474,-0.041
101162,Marcin Gortat,1610612764,WAS,C,31.0,16,16,1.0,6.44,14.81,0.435,0.464,-0.029
201567,Kevin Love,1610612739,CLE,F,27.0,17,17,1.0,8.18,14.76,0.554,0.439,0.114
203086,Meyers Leonard,1610612757,POR,F-C,23.0,12,12,1.0,5.58,14.67,0.381,0.448,-0.067
1626143,Jahlil Okafor,1610612755,PHI,C,19.0,19,19,1.0,6.42,14.42,0.445,0.471,-0.026
201599,DeAndre Jordan,1610612746,LAC,C,27.0,19,19,1.0,6.42,13.84,0.464,0.467,-0.003
2200,Pau Gasol,1610612741,CHI,C-F,35.0,16,16,1.0,5.94,13.81,0.43,0.47,-0.04
204001,Kristaps Porzingis,1610612752,NYK,F-C,20.0,19,19,1.0,5.79,13.74,0.421,0.451,-0.03
202324,Derrick Favors,1610612762,UTA,F-C,24.0,15,15,1.0,5.27,13.73,0.383,0.468,-0.085
201935,James Harden,1610612745,HOU,G,26.0,19,19,1.0,6.63,13.68,0.485,0.438,0.047
203903,Jordan Clarkson,1610612747,LAL,G,23.0,18,18,1.0,5.44,13.61,0.4,0.435,-0.035
203083,Andre Drummond,1610612765,DET,C,22.0,19,19,1.0,6.42,13.32,0.482,0.481,0.002
201143,Al Horford,1610612737,ATL,C-F,29.0,20,20,1.0,6.15,13.25,0.464,0.461,0.003
202710,Jimmy Butler,1610612741,CHI,G-F,26.0,16,16,1.0,5.75,13.25,0.434,0.449,-0.015
2730,Dwight Howard,1610612745,HOU,C,29.0,14,14,1.0,6.43,13.14,0.489,0.451,0.038
202339,Eric Bledsoe,1610612756,PHX,G,25.0,18,18,1.0,5.5,13.11,0.419,0.425,-0.005
200794,Paul Millsap,1610612737,ATL,F,30.0,20,20,1.0,5.8,12.95,0.448,0.446,0.002
201933,Blake Griffin,1610612746,LAC,F,26.0,19,19,1.0,5.95,12.89,0.461,0.454,0.007
1626157,Karl-Anthony Towns,1610612750,MIN,C,20.0,17,17,1.0,5.24,12.88,0.406,0.465,-0.059
201960,DeMarre Carroll,1610612761,TOR,F,29.0,17,17,1.0,5.76,12.82,0.45,0.451,-0.001
201583,Ryan Anderson,1610612740,NOP,F,27.0,18,18,1.0,5.78,12.78,0.452,0.446,0.006
2547,Chris Bosh,1610612748,MIA,F,31.0,17,17,1.0,5.65,12.65,0.447,0.439,0.008
202704,Reggie Jackson,1610612765,DET,G,25.0,19,19,1.0,5.58,12.63,0.442,0.439,0.002
203500,Steven Adams,1610612760,OKC,C,22.0,19,19,1.0,5.47,12.63,0.433,0.454,-0.02
202685,Jonas Valanciunas,1610612761,TOR,C,23.0,14,14,1.0,6.14,12.57,0.489,0.473,0.015
2585,Zaza Pachulia,1610612742,DAL,C,31.0,19,19,1.0,5.84,12.53,0.466,0.467,-0.001
203952,Andrew Wiggins,1610612750,MIN,G-F,20.0,16,16,1.0,5.0,12.44,0.402,0.435,-0.033
203497,Rudy Gobert,1610612762,UTA,C,23.0,14,14,1.0,5.29,12.36,0.428,0.465,-0.037
201588,George Hill,1610612754,IND,G,29.0,14,14,1.0,4.86,12.36,0.393,0.427,-0.034
200746,LaMarcus Aldridge,1610612759,SAS,F,30.0,17,17,1.0,4.76,12.35,0.386,0.447,-0.062
202331,Paul George,1610612754,IND,F,25.0,17,17,1.0,4.59,12.35,0.371,0.434,-0.062
1717,Dirk Nowitzki,1610612742,DAL,F,37.0,18,18,1.0,5.78,12.28,0.471,0.458,0.013
1495,Tim Duncan,1610612759,SAS,C-F,39.0,18,18,1.0,5.28,12.22,0.432,0.453,-0.021
201585,Kosta Koufos,1610612758,SAC,C,26.0,19,19,1.0,6.05,12.21,0.496,0.468,0.028
203457,Nerlens Noel,1610612755,PHI,F-C,21.0,16,16,1.0,5.81,12.19,0.477,0.461,0.016
201936,Tyreke Evans,1610612740,NOP,G-F,26.0,2,2,1.0,5.0,12.0,0.417,0.388,0.028
203468,CJ McCollum,1610612757,POR,G,24.0,19,19,1.0,5.32,11.95,0.445,0.426,0.019
203093,Terrence Jones,1610612745,HOU,F,23.0,14,14,1.0,5.71,11.86,0.482,0.44,0.042
1626144,Emmanuel Mudiay,1610612743,DEN,G,19.0,20,20,1.0,5.1,11.85,0.43,0.437,-0.007
201579,Roy Hibbert,1610612747,LAL,C,28.0,18,18,1.0,5.39,11.83,0.455,0.466,-0.01
203507,Giannis Antetokounmpo,1610612749,MIL,F,20.0,18,18,1.0,5.11,11.78,0.434,0.443,-0.009
203081,Damian Lillard,1610612757,POR,G,25.0,19,19,1.0,5.05,11.74,0.43,0.427,0.004
202703,Nikola Mirotic,1610612741,CHI,F,24.0,16,16,1.0,5.0,11.63,0.43,0.452,-0.022
202689,Kemba Walker,1610612766,CHA,G,25.0,18,18,1.0,5.78,11.56,0.5,0.441,0.059
201188,Marc Gasol,1610612763,MEM,C,30.0,19,19,1.0,4.89,11.53,0.425,0.475,-0.05
101114,Deron Williams,1610612742,DAL,G,31.0,18,18,1.0,4.83,11.5,0.42,0.419,0.002
202684,Tristan Thompson,1610612739,CLE,C-F,24.0,18,18,1.0,5.0,11.5,0.435,0.444,-0.01
202696,Nikola Vucevic,1610612753,ORL,C,25.0,15,15,1.0,5.2,11.47,0.453,0.471,-0.017
203078,Bradley Beal,1610612764,WAS,G,22.0,13,13,1.0,5.08,11.46,0.443,0.42,0.023
2594,Kyle Korver,1610612737,ATL,G,34.0,18,18,1.0,4.5,11.39,0.395,0.419,-0.024
202357,Nemanja Bjelica,1610612750,MIN,F,27.0,13,13,1.0,4.85,11.23,0.432,0.438,-0.006
202322,John Wall,1610612764,WAS,G,25.0,16,16,1.0,4.31,11.19,0.385,0.434,-0.048
101127,Jarrett Jack,1610612751,BKN,G,32.0,17,17,1.0,4.76,11.18,0.426,0.443,-0.017
202328,Greg Monroe,1610612749,MIL,C-F,25.0,19,19,1.0,5.68,11.16,0.509,0.461,0.049
200768,Kyle Lowry,1610612761,TOR,G,29.0,20,20,1.0,4.55,11.15,0.408,0.438,-0.03
201142,Kevin Durant,1610612760,OKC,F,27.0,13,13,1.0,4.62,11.08,0.417,0.436,-0.019
201577,Robin Lopez,1610612752,NYK,C,27.0,18,18,1.0,4.89,11.06,0.442,0.469,-0.027
203506,Victor Oladipo,1610612753,ORL,G,23.0,16,16,1.0,4.0,11.06,0.362,0.419,-0.057
200752,Rudy Gay,1610612758,SAC,F,29.0,16,16,1.0,4.88,11.0,0.443,0.445,-0.002
201937,Ricky Rubio,1610612750,MIN,G,25.0,12,12,1.0,4.33,11.0,0.394,0.414,-0.02
203096,Jared Sullinger,1610612738,BOS,C-F,23.0,18,18,1.0,4.94,10.89,0.454,0.455,-0.001
202397,Ish Smith,1610612740,NOP,G,27.0,18,18,1.0,5.11,10.78,0.474,0.441,0.033
203496,Robert Covington,1610612755,PHI,F,24.0,11,11,1.0,4.91,10.73,0.458,0.422,0.035
203105,Festus Ezeli,1610612744,GSW,C,26.0,19,19,1.0,4.47,10.68,0.419,0.469,-0.05
201144,Mike Conley,1610612763,MEM,G,28.0,19,19,1.0,4.95,10.63,0.465,0.436,0.029
101107,Marvin Williams,1610612766,CHA,F,29.0,18,18,1.0,4.61,10.56,0.437,0.44,-0.004
203901,Elfrid Payton,1610612753,ORL,G,21.0,18,18,1.0,4.72,10.56,0.447,0.421,0.027
203095,Evan Fournier,1610612753,ORL,F,23.0,18,18,1.0,4.5,10.56,0.426,0.43,-0.003
101161,Amir Johnson,1610612738,BOS,F,28.0,18,18,1.0,4.78,10.5,0.455,0.452,0.003
201152,Thaddeus Young,1610612751,BKN,F,27.0,18,18,1.0,4.5,10.5,0.429,0.446,-0.018
202694,Marcus Morris,1610612765,DET,F,26.0,19,19,1.0,4.42,10.47,0.422,0.444,-0.022
2736,Luol Deng,1610612748,MIA,F,30.0,13,13,1.0,4.23,10.46,0.404,0.434,-0.029
2772,Trevor Ariza,1610612745,HOU,F,30.0,19,19,1.0,4.74,10.42,0.455,0.444,0.011
201980,Danny Green,1610612759,SAS,G-F,28.0,19,19,1.0,4.47,10.42,0.429,0.431,-0.001
201939,Stephen Curry,1610612744,GSW,G,27.0,19,19,1.0,4.11,10.42,0.394,0.423,-0.029
203944,Julius Randle,1610612747,LAL,F,21.0,18,18,1.0,4.72,10.39,0.455,0.444,0.01
101133,Ian Mahinmi,1610612754,IND,C,29.0,16,16,1.0,4.88,10.38,0.47,0.454,0.016
203484,Kentavious Caldwell-Pope,1610612765,DET,G,22.0,19,19,1.0,4.11,10.26,0.4,0.429,-0.029
202702,Kenneth Faried,1610612743,DEN,F,26.0,16,16,1.0,5.13,10.13,0.506,0.449,0.057
201145,Jeff Green,1610612763,MEM,F,29.0,19,19,1.0,4.68,10.11,0.464,0.435,0.028
203924,Jerami Grant,1610612755,PHI,F,21.0,20,20,1.0,3.9,10.1,0.386,0.433,-0.046
202389,Timofey Mozgov,1610612739,CLE,C,29.0,15,15,1.0,4.07,10.07,0.404,0.457,-0.053
203991,Clint Capela,1610612745,HOU,C,21.0,19,19,1.0,4.42,10.05,0.44,0.455,-0.015
202699,Tobias Harris,1610612753,ORL,F,23.0,18,18,1.0,4.28,10.0,0.428,0.435,-0.007
203486,Mason Plumlee,1610612757,POR,C-F,25.0,19,19,1.0,5.32,9.95,0.534,0.469,0.065
200765,Rajon Rondo,1610612758,SAC,G,29.0,19,19,1.0,4.89,9.95,0.492,0.441,0.051
202695,Kawhi Leonard,1610612759,SAS,F,24.0,18,18,1.0,3.44,9.89,0.348,0.435,-0.087
2744,Al Jefferson,1610612766,CHA,C,30.0,17,17,1.0,5.0,9.88,0.506,0.459,0.047
201565,Derrick Rose,1610612741,CHI,G,27.0,14,14,1.0,4.36,9.86,0.442,0.443,-0.001
202683,Enes Kanter,1610612760,OKC,C,23.0,19,19,1.0,4.21,9.84,0.428,0.435,-0.007
201587,Nicolas Batum,1610612766,CHA,G-F,26.0,18,18,1.0,3.83,9.83,0.39,0.441,-0.051
201941,Jordan Hill,1610612754,IND,C,28.0,15,15,1.0,4.47,9.73,0.459,0.454,0.005
2207,Joe Johnson,1610612751,BKN,F-G,34.0,18,18,1.0,4.28,9.72,0.44,0.439,0.001
201951,Ty Lawson,1610612745,HOU,G,28.0,17,17,1.0,4.29,9.71,0.442,0.424,0.019
203084,Harrison Barnes,1610612744,GSW,F,23.0,16,16,1.0,4.0,9.69,0.413,0.432,-0.019
204038,Langston Galloway,1610612752,NYK,G,23.0,19,19,1.0,3.84,9.68,0.397,0.436,-0.039
101145,Monta Ellis,1610612754,IND,G,30.0,17,17,1.0,4.18,9.65,0.433,0.422,0.011
203939,Dwight Powell,1610612742,DAL,F-C,24.0,19,19,1.0,4.05,9.63,0.421,0.437,-0.016
201568,Danilo Gallinari,1610612743,DEN,F,27.0,20,20,1.0,4.65,9.6,0.484,0.443,0.041
201149,Joakim Noah,1610612741,CHI,C,30.0,15,15,1.0,3.73,9.6,0.389,0.457,-0.068
203145,Kent Bazemore,1610612737,ATL,F-G,26.0,15,15,1.0,3.67,9.6,0.382,0.431,-0.049
200782,PJ Tucker,1610612756,PHX,F,30.0,19,19,1.0,4.26,9.58,0.445,0.438,0.007
101139,CJ Miles,1610612754,IND,F-G,28.0,14,14,1.0,4.29,9.57,0.448,0.433,0.015
1626156,D'Angelo Russell,1610612747,LAL,G,19.0,18,18,1.0,4.94,9.56,0.517,0.426,0.091
202693,Markieff Morris,1610612756,PHX,F,26.0,16,16,1.0,4.75,9.5,0.5,0.457,0.043
2747,J.R. Smith,1610612739,CLE,G-F,30.0,15,15,1.0,4.07,9.47,0.43,0.427,0.003
203114,Khris Middleton,1610612749,MIL,G-F,24.0,19,19,1.0,4.32,9.42,0.458,0.429,0.029
202691,Klay Thompson,1610612744,GSW,G,25.0,18,18,1.0,4.06,9.39,0.432,0.435,-0.003
202334,Ed Davis,1610612757,POR,F-C,26.0,19,19,1.0,3.63,9.32,0.39,0.453,-0.063
202329,Al-Farouq Aminu,1610612757,POR,F,25.0,19,19,1.0,3.95,9.26,0.426,0.436,-0.01
101141,Ersan Ilyasova,1610612765,DET,F,28.0,19,19,1.0,4.79,9.26,0.517,0.454,0.063
101108,Chris Paul,1610612746,LAC,G,30.0,15,15,1.0,4.27,9.2,0.464,0.433,0.03
203935,Marcus Smart,1610612738,BOS,G,21.0,9,9,1.0,4.22,9.11,0.463,0.419,0.044
101181,Jose Calderon,1610612752,NYK,G,34.0,19,19,1.0,3.63,9.11,0.399,0.439,-0.04
204456,TJ McConnell,1610612755,PHI,G,23.0,20,20,1.0,4.5,9.1,0.495,0.423,0.071
203482,Kelly Olynyk,1610612738,BOS,C-F,24.0,16,16,1.0,3.31,9.06,0.366,0.436,-0.07
101106,Andrew Bogut,1610612744,GSW,C,31.0,13,13,1.0,3.54,9.0,0.393,0.461,-0.068
2216,Zach Randolph,1610612763,MEM,F,34.0,14,14,1.0,4.64,9.0,0.516,0.481,0.035
202709,Cory Joseph,1610612761,TOR,G,24.0,20,20,1.0,3.65,9.0,0.406,0.429,-0.023
1626159,Justise Winslow,1610612748,MIA,F,19.0,17,17,1.0,3.47,9.0,0.386,0.429,-0.044
202688,Brandon Knight,1610612756,PHX,G,24.0,19,19,1.0,4.26,8.95,0.476,0.436,0.04
200755,JJ Redick,1610612746,LAC,G,31.0,15,15,1.0,3.6,8.93,0.403,0.421,-0.018
101123,Gerald Green,1610612748,MIA,G,29.0,11,11,1.0,3.36,8.91,0.378,0.421,-0.044
201956,Omri Casspi,1610612758,SAC,F,27.0,19,19,1.0,4.32,8.89,0.485,0.445,0.04
203521,Matthew Dellavedova,1610612739,CLE,G,25.0,17,17,1.0,3.35,8.88,0.377,0.42,-0.042
2590,Mo Williams,1610612739,CLE,G,32.0,15,15,1.0,3.87,8.87,0.436,0.426,0.01
201589,Darrell Arthur,1610612743,DEN,F,27.0,19,19,1.0,3.37,8.84,0.381,0.458,-0.077
201954,Darren Collison,1610612758,SAC,G,28.0,14,14,1.0,4.36,8.79,0.496,0.432,0.064
203109,Jae Crowder,1610612738,BOS,F,25.0,18,18,1.0,3.72,8.78,0.424,0.431,-0.007
1626178,Rondae Hollis-Jefferson,1610612751,BKN,G-F,20.0,18,18,1.0,4.11,8.78,0.468,0.445,0.023
201573,Jerryd Bayless,1610612749,MIL,G,27.0,18,18,1.0,3.17,8.78,0.361,0.415,-0.054
203914,Gary Harris,1610612743,DEN,G,21.0,16,16,1.0,4.38,8.75,0.5,0.451,0.049
2199,Tyson Chandler,1610612756,PHX,C,33.0,15,15,1.0,4.8,8.73,0.55,0.477,0.072
203490,Otto Porter,1610612764,WAS,F,22.0,16,16,1.0,4.25,8.69,0.489,0.438,0.051
203953,Jabari Parker,1610612749,MIL,F,20.0,13,13,1.0,4.08,8.69,0.469,0.445,0.025
2225,Tony Parker,1610612759,SAS,G,33.0,19,19,1.0,4.37,8.68,0.503,0.422,0.081
203141,Mirza Teletovic,1610612756,PHX,F,30.0,18,18,1.0,4.17,8.61,0.484,0.442,0.042
101236,Charles Hayes,1610612745,HOU,F-C,32.0,2,2,1.0,3.0,8.5,0.353,0.452,-0.099
203487,Michael Carter-Williams,1610612749,MIL,G,24.0,14,14,1.0,3.93,8.5,0.462,0.431,0.031
1626167,Myles Turner,1610612754,IND,F-C,19.0,8,8,1.0,4.13,8.5,0.485,0.449,0.036
203138,Hollis Thompson,1610612755,PHI,G-F,24.0,20,20,1.0,3.75,8.5,0.441,0.42,0.021
203087,Jeremy Lamb,1610612766,CHA,G,23.0,17,17,1.0,3.12,8.47,0.368,0.436,-0.068
203460,Andre Roberson,1610612760,OKC,G,24.0,18,18,1.0,3.17,8.44,0.375,0.424,-0.049
203085,Austin Rivers,1610612746,LAC,G,23.0,19,19,1.0,2.79,8.42,0.331,0.436,-0.105
202687,Bismack Biyombo,1610612761,TOR,C-F,23.0,20,20,1.0,3.75,8.4,0.446,0.453,-0.007
201162,Jared Dudley,1610612764,WAS,G-F,30.0,15,15,1.0,3.53,8.4,0.421,0.441,-0.02
201569,Eric Gordon,1610612740,NOP,G,26.0,18,18,1.0,3.72,8.39,0.444,0.429,0.015
203079,Dion Waiters,1610612760,OKC,G,23.0,19,19,1.0,3.32,8.37,0.396,0.416,-0.019
202083,Wesley Matthews,1610612742,DAL,G-F,29.0,17,17,1.0,3.29,8.35,0.394,0.424,-0.029
201950,Jrue Holiday,1610612740,NOP,G,25.0,14,14,1.0,3.71,8.29,0.448,0.445,0.003
203115,Will Barton,1610612743,DEN,F-G,24.0,20,20,1.0,3.9,8.2,0.476,0.433,0.043
203476,Gorgui Dieng,1610612750,MIN,C,25.0,15,15,1.0,4.2,8.2,0.512,0.453,0.059
201609,Goran Dragic,1610612748,MIA,G,29.0,17,17,1.0,2.88,8.18,0.353,0.431,-0.078
201942,DeMar DeRozan,1610612761,TOR,G,26.0,20,20,1.0,3.35,8.15,0.411,0.428,-0.017
977,Kobe Bryant,1610612747,LAL,F-G,37.0,15,15,1.0,3.6,8.07,0.446,0.42,0.026
203918,Rodney Hood,1610612762,UTA,G,23.0,15,15,1.0,3.93,8.07,0.488,0.441,0.046
2440,Matt Barnes,1610612763,MEM,F,35.0,19,19,1.0,3.74,8.05,0.464,0.437,0.027
201158,Marco Belinelli,1610612758,SAC,G-F,29.0,19,19,1.0,3.63,8.05,0.451,0.425,0.026
2746,Josh Smith,1610612746,LAC,F,29.0,19,19,1.0,3.16,8.0,0.395,0.462,-0.068
202388,Donald Sloan,1610612751,BKN,G,27.0,1,1,1.0,4.0,8.0,0.5,0.405,0.096
202391,Jeremy Lin,1610612766,CHA,G,27.0,18,18,1.0,3.33,7.94,0.42,0.409,0.01
203469,Cody Zeller,1610612766,CHA,F-C,23.0,16,16,1.0,3.63,7.94,0.457,0.453,0.004
201959,Taj Gibson,1610612741,CHI,F,30.0,16,16,1.0,3.25,7.94,0.409,0.443,-0.034
202344,Trevor Booker,1610612762,UTA,F,28.0,14,14,1.0,3.0,7.93,0.378,0.452,-0.073
201584,Courtney Lee,1610612763,MEM,G,30.0,19,19,1.0,3.53,7.89,0.447,0.42,0.027
203917,Nik Stauskas,1610612755,PHI,G,22.0,18,18,1.0,3.11,7.89,0.394,0.417,-0.023
2449,Luis Scola,1610612761,TOR,F,35.0,20,20,1.0,3.75,7.85,0.478,0.457,0.021
201168,Tiago Splitter,1610612737,ATL,C-F,30.0,13,13,1.0,3.85,7.77,0.495,0.457,0.038
202337,Luke Babbitt,1610612740,NOP,F,26.0,12,12,1.0,4.42,7.75,0.57,0.432,0.138
202692,Alec Burks,1610612762,UTA,G,24.0,16,16,1.0,3.63,7.75,0.468,0.441,0.026
203503,Tony Snell,1610612741,CHI,F,24.0,16,16,1.0,2.75,7.75,0.355,0.42,-0.065
203463,Ben McLemore,1610612758,SAC,G,22.0,19,19,1.0,3.74,7.74,0.483,0.445,0.038
2403,Nene,1610612764,WAS,F-C,33.0,11,11,1.0,3.82,7.73,0.494,0.444,0.05
2544,LeBron James,1610612739,CLE,F,30.0,18,18,1.0,2.28,7.72,0.295,0.431,-0.136
201952,Jeff Teague,1610612737,ATL,G,27.0,17,17,1.0,3.29,7.71,0.427,0.428,-0.001
203898,Tyler Ennis,1610612749,MIL,G,21.0,7,7,1.0,2.86,7.71,0.37,0.413,-0.043
203488,Mike Muscala,1610612737,ATL,F-C,24.0,13,13,1.0,3.69,7.69,0.48,0.457,0.023
2546,Carmelo Anthony,1610612752,NYK,F,31.0,18,18,1.0,2.61,7.67,0.341,0.442,-0.101
2548,Dwyane Wade,1610612748,MIA,G,33.0,16,16,1.0,3.5,7.63,0.459,0.44,0.019
200757,Thabo Sefolosha,1610612737,ATL,G-F,31.0,16,16,1.0,3.63,7.63,0.475,0.449,0.027
2738,Andre Iguodala,1610612744,GSW,G-F,31.0,19,19,1.0,3.11,7.58,0.41,0.433,-0.023
101135,David Lee,1610612738,BOS,F-C,32.0,18,18,1.0,3.28,7.56,0.434,0.452,-0.018
201167,Arron Afflalo,1610612752,NYK,G,30.0,11,11,1.0,3.91,7.55,0.518,0.423,0.095
101126,Nate Robinson,1610612740,NOP,G,31.0,2,2,1.0,3.0,7.5,0.4,0.483,-0.083
202066,Garrett Temple,1610612764,WAS,G,29.0,12,12,1.0,3.5,7.5,0.467,0.41,0.057
203459,Allen Crabbe,1610612757,POR,F,23.0,19,19,1.0,3.26,7.47,0.437,0.416,0.02
2564,Boris Diaw,1610612759,SAS,C-F,33.0,19,19,1.0,2.79,7.42,0.376,0.446,-0.07
203897,Zach LaVine,1610612750,MIN,G,20.0,17,17,1.0,3.35,7.41,0.452,0.43,0.022
203999,Nikola Jokic,1610612743,DEN,C,20.0,19,19,1.0,3.53,7.37,0.479,0.486,-0.008
2549,Chris Kaman,1610612757,POR,C,33.0,3,3,1.0,3.33,7.33,0.455,0.457,-0.003
203527,Ryan Kelly,1610612747,LAL,F,24.0,6,6,1.0,2.83,7.33,0.386,0.461,-0.074
202340,Avery Bradley,1610612738,BOS,G,25.0,16,16,1.0,3.0,7.31,0.41,0.429,-0.019
203798,PJ Hairston,1610612766,CHA,F-G,22.0,14,14,1.0,3.71,7.29,0.51,0.438,0.072
2210,Richard Jefferson,1610612739,CLE,F,35.0,18,18,1.0,3.0,7.28,0.412,0.419,-0.007
202323,Evan Turner,1610612738,BOS,G-F,27.0,18,18,1.0,2.39,7.28,0.328,0.424,-0.096
1626161,Willie Cauley-Stein,1610612758,SAC,C,22.0,19,19,1.0,3.37,7.26,0.464,0.459,0.004
201150,Spencer Hawes,1610612766,CHA,F-C,27.0,16,16,1.0,3.19,7.25,0.44,0.462,-0.023
203530,Joffrey Lauvergne,1610612743,DEN,C-F,24.0,7,7,1.0,3.43,7.14,0.48,0.456,0.024
201967,Dante Cunningham,1610612740,NOP,F,28.0,18,18,1.0,4.0,7.11,0.563,0.447,0.116
202730,Lavoy Allen,1610612754,IND,F-C,26.0,16,16,1.0,3.0,7.06,0.425,0.444,-0.02
203477,Isaiah Canaan,1610612755,PHI,G,24.0,20,20,1.0,3.0,7.0,0.429,0.419,0.01
204020,Tyler Johnson,1610612748,MIA,G,23.0,16,16,1.0,2.88,7.0,0.411,0.423,-0.013
201148,Brandan Wright,1610612763,MEM,F,28.0,7,7,1.0,3.0,7.0,0.429,0.468,-0.039
101109,Raymond Felton,1610612742,DAL,G,31.0,19,19,1.0,2.74,7.0,0.391,0.421,-0.03
101138,Brandon Bass,1610612747,LAL,F,30.0,16,16,1.0,3.25,7.0,0.464,0.446,0.018
2743,Kris Humphries,1610612764,WAS,F,30.0,16,16,1.0,3.31,6.94,0.477,0.447,0.03
203089,John Henson,1610612749,MIL,F,24.0,15,15,1.0,3.67,6.93,0.529,0.458,0.071
201155,Rodney Stuckey,1610612754,IND,G,29.0,12,12,1.0,2.83,6.92,0.41,0.413,-0.003
1626169,Stanley Johnson,1610612765,DET,F,19.0,18,18,1.0,3.5,6.89,0.508,0.437,0.071
203932,Aaron Gordon,1610612753,ORL,F,20.0,18,18,1.0,2.56,6.89,0.371,0.43,-0.059
203458,Alex Len,1610612756,PHX,C,22.0,19,19,1.0,3.63,6.89,0.527,0.455,0.071
201228,CJ Watson,1610612753,ORL,G,31.0,8,8,1.0,2.88,6.88,0.418,0.421,-0.003
203526,Raul Neto,1610612762,UTA,G,23.0,16,16,1.0,3.81,6.88,0.555,0.43,0.125
2749,Jameer Nelson,1610612743,DEN,G,33.0,17,17,1.0,2.82,6.88,0.41,0.421,-0.011
202711,Bojan Bogdanovic,1610612751,BKN,G-F,26.0,18,18,1.0,3.17,6.83,0.463,0.434,0.029
202738,Isaiah Thomas,1610612738,BOS,G,26.0,18,18,1.0,3.17,6.83,0.463,0.426,0.037
203090,Maurice Harkless,1610612757,POR,F,22.0,17,17,1.0,2.59,6.82,0.379,0.417,-0.038
1626163,Frank Kaminsky,1610612766,CHA,C,22.0,17,17,1.0,3.18,6.82,0.466,0.448,0.017
202330,Gordon Hayward,1610612762,UTA,F,25.0,16,16,1.0,2.94,6.81,0.431,0.443,-0.011
201147,Corey Brewer,1610612745,HOU,G-F,29.0,19,19,1.0,3.47,6.79,0.512,0.421,0.091
202720,Jon Leuer,1610612756,PHX,F,26.0,19,19,1.0,3.37,6.79,0.496,0.456,0.04
1718,Paul Pierce,1610612746,LAC,F,38.0,17,17,1.0,3.24,6.76,0.478,0.446,0.033
203094,Andrew Nicholson,1610612753,ORL,F,25.0,8,8,1.0,2.63,6.75,0.389,0.425,-0.036
201581,JJ Hickson,1610612743,DEN,C-F,27.0,15,15,1.0,2.67,6.73,0.396,0.451,-0.055
2734,Devin Harris,1610612742,DAL,G,32.0,18,18,1.0,3.0,6.72,0.446,0.419,0.027
204028,Tarik Black,1610612747,LAL,C-F,24.0,7,7,1.0,3.0,6.71,0.447,0.459,-0.013
1897,Metta World Peace,1610612747,LAL,F,36.0,14,14,1.0,2.64,6.71,0.394,0.444,-0.05
101150,Lou Williams,1610612747,LAL,G,29.0,16,16,1.0,3.06,6.69,0.458,0.414,0.044
201977,Marcus Thornton,1610612745,HOU,F-G,28.0,16,16,1.0,3.0,6.69,0.449,0.427,0.021
2561,David West,1610612759,SAS,F,35.0,19,19,1.0,3.37,6.68,0.504,0.454,0.05
201156,Nick Young,1610612747,LAL,F-G,30.0,17,17,1.0,2.88,6.53,0.441,0.442,-0.001
201177,Josh McRoberts,1610612748,MIA,F,28.0,17,17,1.0,2.35,6.53,0.36,0.434,-0.074
201564,O.J. Mayo,1610612749,MIL,G,28.0,8,8,1.0,2.5,6.5,0.385,0.429,-0.044
201229,Anthony Tolliver,1610612765,DET,F,30.0,18,18,1.0,2.78,6.44,0.431,0.447,-0.016
2550,Kirk Hinrich,1610612741,CHI,G,34.0,7,7,1.0,2.86,6.43,0.444,0.459,-0.015
2733,Shaun Livingston,1610612744,GSW,G,30.0,17,17,1.0,2.82,6.41,0.44,0.431,0.009
200826,Jose Juan Barea,1610612742,DAL,G,31.0,16,16,1.0,2.38,6.38,0.373,0.418,-0.045
202335,Patrick Patterson,1610612761,TOR,F,26.0,20,20,1.0,2.5,6.35,0.394,0.44,-0.047
201160,Jason Smith,1610612753,ORL,F-C,29.0,12,12,1.0,2.75,6.33,0.434,0.454,-0.019
202087,Alonzo Gee,1610612740,NOP,F,28.0,18,18,1.0,2.72,6.33,0.43,0.452,-0.022
201976,Patrick Beverley,1610612745,HOU,G,27.0,12,12,1.0,2.5,6.33,0.395,0.422,-0.028
202349,Greivis Vasquez,1610612749,MIL,G,28.0,16,16,1.0,3.06,6.31,0.485,0.408,0.077
2581,Steve Blake,1610612765,DET,G,35.0,15,15,1.0,2.93,6.27,0.468,0.431,0.038
203933,TJ Warren,1610612756,PHX,F,22.0,18,18,1.0,2.78,6.22,0.446,0.439,0.007
1626158,Richaun Holmes,1610612755,PHI,F,22.0,10,10,1.0,2.5,6.2,0.403,0.44,-0.037
203512,Lucas Nogueira,1610612761,TOR,C,23.0,5,5,1.0,2.6,6.2,0.419,0.46,-0.04
203504,Trey Burke,1610612762,UTA,G,23.0,16,16,1.0,2.88,6.19,0.465,0.433,0.031
2755,Kevin Martin,1610612750,MIN,G,32.0,16,16,1.0,2.94,6.19,0.475,0.417,0.058
203948,Johnny O'Bryant,1610612749,MIL,F-C,22.0,17,17,1.0,2.47,6.12,0.404,0.434,-0.03
203473,Dewayne Dedmon,1610612753,ORL,C,26.0,14,14,1.0,2.64,6.07,0.435,0.453,-0.018
203082,Terrence Ross,1610612761,TOR,F-G,24.0,14,14,1.0,1.79,6.07,0.294,0.426,-0.132
2754,Tony Allen,1610612763,MEM,F-G,33.0,19,19,1.0,2.63,6.0,0.439,0.438,0.0
2037,Jamal Crawford,1610612746,LAC,G,35.0,19,19,1.0,2.58,6.0,0.43,0.434,-0.004
200797,Ryan Hollins,1610612764,WAS,C,31.0,1,1,1.0,3.0,6.0,0.5,0.415,0.085
203471,Dennis Schroder,1610612737,ATL,G,22.0,20,20,1.0,2.75,5.95,0.462,0.43,0.032
101112,Channing Frye,1610612753,ORL,F,32.0,13,13,1.0,2.38,5.92,0.403,0.442,-0.039
200751,Randy Foye,1610612743,DEN,G,32.0,19,19,1.0,2.84,5.89,0.482,0.435,0.047
203124,Kyle O'Quinn,1610612752,NYK,F-C,25.0,16,16,1.0,3.06,5.88,0.521,0.442,0.079
202390,Gary Neal,1610612764,WAS,G,31.0,14,14,1.0,2.64,5.86,0.451,0.411,0.04
201566,Russell Westbrook,1610612760,OKC,G,27.0,19,19,1.0,2.68,5.84,0.459,0.426,0.033
201601,Luc Mbah a Moute,1610612746,LAC,F,29.0,10,10,1.0,2.2,5.8,0.379,0.434,-0.054
202734,E'Twaun Moore,1610612741,CHI,G,26.0,16,16,1.0,2.38,5.75,0.413,0.427,-0.014
201988,Patty Mills,1610612759,SAS,G,27.0,19,19,1.0,2.58,5.74,0.45,0.416,0.034
1626170,Jerian Grant,1610612752,NYK,G,23.0,19,19,1.0,2.11,5.74,0.367,0.424,-0.057
203499,Shane Larkin,1610612751,BKN,G,23.0,18,18,1.0,2.5,5.72,0.437,0.437,0.0
201596,Mario Chalmers,1610612763,MEM,G,29.0,16,16,1.0,2.38,5.63,0.422,0.426,-0.004
201578,Marreese Speights,1610612744,GSW,F-C,28.0,16,16,1.0,2.69,5.63,0.478,0.455,0.023
201582,Alexis Ajinca,1610612740,NOP,C,27.0,15,15,1.0,2.27,5.6,0.405,0.466,-0.061
203080,Thomas Robinson,1610612751,BKN,F,24.0,15,15,1.0,1.93,5.6,0.345,0.468,-0.123
2419,Tayshaun Prince,1610612750,MIN,F,35.0,17,17,1.0,2.71,5.59,0.484,0.424,0.061
1626164,Devin Booker,1610612756,PHX,G,19.0,12,12,1.0,2.5,5.58,0.448,0.413,0.035
203382,Aron Baynes,1610612765,DET,F-C,28.0,18,18,1.0,2.44,5.56,0.44,0.472,-0.032
203210,JaMychal Green,1610612763,MEM,F,25.0,19,19,1.0,2.63,5.53,0.476,0.456,0.02
708,Kevin Garnett,1610612750,MIN,F,39.0,15,15,1.0,2.47,5.53,0.446,0.457,-0.011
203926,Doug McDermott,1610612741,CHI,F,23.0,16,16,1.0,2.31,5.5,0.42,0.438,-0.017
202362,Lance Stephenson,1610612746,LAC,F-G,25.0,18,18,1.0,2.39,5.5,0.434,0.434,0.0
201978,Chase Budinger,1610612754,IND,F,27.0,16,16,1.0,2.0,5.5,0.364,0.407,-0.043
203915,Spencer Dinwiddie,1610612765,DET,G,22.0,6,6,1.0,2.17,5.5,0.394,0.419,-0.025
203200,Justin Holiday,1610612737,ATL,G,26.0,13,13,1.0,1.92,5.46,0.352,0.422,-0.07
201166,Aaron Brooks,1610612741,CHI,G,30.0,11,11,1.0,1.27,5.45,0.233,0.417,-0.184
203934,Lamar Patterson,1610612737,ATL,G-F,24.0,15,15,1.0,2.4,5.4,0.444,0.416,0.028
201196,Ramon Sessions,1610612764,WAS,G,29.0,16,16,1.0,2.56,5.38,0.477,0.409,0.068
2756,Sasha Vujacic,1610612752,NYK,G,31.0,14,14,1.0,2.57,5.36,0.48,0.434,0.046
203524,Solomon Hill,1610612754,IND,F,24.0,3,3,1.0,2.33,5.33,0.438,0.416,0.021
1626204,Larry Nance Jr.,1610612747,LAL,F,22.0,13,13,1.0,2.38,5.31,0.449,0.427,0.022
203943,Noah Vonleh,1610612757,POR,F,20.0,18,18,1.0,2.33,5.28,0.442,0.462,-0.019
202498,Lance Thomas,1610612752,NYK,F,27.0,18,18,1.0,1.89,5.28,0.358,0.423,-0.065
201600,Omer Asik,1610612740,NOP,C,29.0,11,11,1.0,2.36,5.27,0.448,0.473,-0.025
201949,James Johnson,1610612761,TOR,F,28.0,15,15,1.0,1.93,5.27,0.367,0.415,-0.048
201571,D.J. Augustin,1610612760,OKC,G,28.0,19,19,1.0,2.58,5.26,0.49,0.408,0.082
203960,JaKarr Sampson,1610612755,PHI,G-F,22.0,20,20,1.0,2.3,5.25,0.438,0.429,0.009
202718,Chandler Parsons,1610612742,DAL,F,27.0,13,13,1.0,2.23,5.23,0.426,0.41,0.016
1891,Jason Terry,1610612745,HOU,G,38.0,14,14,1.0,2.86,5.21,0.548,0.42,0.128
203928,Cory Jefferson,1610612756,PHX,F,24.0,2,2,1.0,2.0,5.0,0.4,0.44,-0.04
203143,Pablo Prigioni,1610612746,LAC,G,38.0,5,5,1.0,2.6,5.0,0.52,0.411,0.109
203922,Glenn Robinson,1610612754,IND,G-F,21.0,9,9,1.0,2.56,5.0,0.511,0.423,0.088
1626209,Mario Hezonja,1610612753,ORL,G-F,20.0,14,14,1.0,2.5,5.0,0.5,0.415,0.085
1626196,Josh Richardson,1610612748,MIA,G,22.0,4,4,1.0,2.5,5.0,0.5,0.408,0.092
203498,Shabazz Muhammad,1610612750,MIN,F,23.0,17,17,1.0,2.12,4.94,0.429,0.417,0.011
2555,Nick Collison,1610612760,OKC,F,35.0,16,16,1.0,2.19,4.94,0.443,0.435,0.008
202338,Kevin Seraphin,1610612752,NYK,F-C,25.0,14,14,1.0,2.0,4.93,0.406,0.463,-0.057
1626149,Montrezl Harrell,1610612745,HOU,F,21.0,12,12,1.0,2.58,4.92,0.525,0.447,0.078
203940,Adreian Payne,1610612750,MIN,F,24.0,11,11,1.0,2.18,4.91,0.444,0.45,-0.006
1889,Andre Miller,1610612750,MIN,G,39.0,7,7,1.0,2.57,4.86,0.529,0.417,0.112
101111,Charlie Villanueva,1610612742,DAL,F,31.0,13,13,1.0,2.08,4.85,0.429,0.433,-0.004
201627,Anthony Morrow,1610612760,OKC,G,30.0,18,18,1.0,2.39,4.83,0.494,0.413,0.081
203112,Quincy Acy,1610612758,SAC,F,25.0,9,9,1.0,2.0,4.78,0.419,0.442,-0.023
201973,Jonas Jerebko,1610612738,BOS,F,28.0,17,17,1.0,2.41,4.76,0.506,0.428,0.078
201962,Toney Douglas,1610612740,NOP,G,29.0,14,14,1.0,2.43,4.71,0.515,0.446,0.069
1713,Vince Carter,1610612763,MEM,G-F,38.0,7,7,1.0,1.14,4.71,0.242,0.411,-0.168
1626174,Christian Wood,1610612755,PHI,F,20.0,10,10,1.0,1.7,4.7,0.362,0.424,-0.062
202325,Wesley Johnson,1610612746,LAC,F-G,28.0,19,19,1.0,1.95,4.68,0.416,0.446,-0.03
2400,Drew Gooden,1610612764,WAS,F,34.0,6,6,1.0,2.17,4.67,0.464,0.41,0.054
201961,Wayne Ellington,1610612751,BKN,G,28.0,17,17,1.0,2.12,4.65,0.456,0.425,0.03
201971,DeJuan Blair,1610612764,WAS,C-F,26.0,5,5,1.0,2.8,4.6,0.609,0.466,0.143
2757,Beno Udrih,1610612748,MIA,G,33.0,12,12,1.0,1.92,4.58,0.418,0.421,-0.002
202379,Jeremy Evans,1610612742,DAL,F,28.0,11,11,1.0,1.73,4.55,0.38,0.443,-0.063
200745,Andrea Bargnani,1610612751,BKN,C-F,30.0,17,17,1.0,2.82,4.53,0.623,0.455,0.168
101179,Ronnie Price,1610612756,PHX,G,32.0,17,17,1.0,1.82,4.47,0.408,0.425,-0.017
203515,Phil Pressey,1610612755,PHI,G,24.0,13,13,1.0,2.08,4.46,0.466,0.424,0.041
1626162,Kelly Oubre,1610612764,WAS,F,19.0,7,7,1.0,2.0,4.43,0.452,0.411,0.041
203099,Jared Cunningham,1610612739,CLE,G,24.0,13,13,1.0,1.85,4.38,0.421,0.404,0.017
201945,Gerald Henderson,1610612757,POR,G,27.0,11,11,1.0,2.27,4.36,0.521,0.413,0.108
203092,Tyler Zeller,1610612738,BOS,C-F,25.0,12,12,1.0,2.33,4.33,0.538,0.441,0.097
202713,Kyle Singler,1610612760,OKC,F,27.0,12,12,1.0,2.17,4.33,0.5,0.417,0.083
1626171,Bobby Portis,1610612741,CHI,F,20.0,3,3,1.0,1.67,4.33,0.385,0.449,-0.064
201575,Brandon Rush,1610612744,GSW,G-F,30.0,10,10,1.0,2.3,4.3,0.535,0.451,0.084
200811,Lou Amundson,1610612752,NYK,F,32.0,8,8,1.0,1.75,4.25,0.412,0.449,-0.037
2760,Anderson Varejao,1610612739,CLE,F,33.0,15,15,1.0,2.07,4.2,0.492,0.436,0.056
203613,Jonathon Simmons,1610612759,SAS,G-F,26.0,6,6,1.0,2.17,4.17,0.52,0.428,0.092
203118,Mike Scott,1610612737,ATL,F,27.0,16,16,1.0,1.75,4.13,0.424,0.443,-0.019
203462,Archie Goodwin,1610612756,PHX,G,21.0,10,10,1.0,1.6,4.1,0.39,0.399,-0.009
1626168,Trey Lyles,1610612762,UTA,F,20.0,11,11,1.0,2.18,4.09,0.533,0.452,0.081
203894,Shabazz Napier,1610612753,ORL,G,24.0,16,16,1.0,1.56,4.06,0.385,0.409,-0.024
1626145,Tyus Jones,1610612750,MIN,G,19.0,1,1,1.0,2.0,4.0,0.5,0.398,0.102
1626192,Pat Connaughton,1610612757,POR,G,22.0,1,1,1.0,3.0,4.0,0.75,0.437,0.313
1626257,Salah Mejri,1610612742,DAL,C,29.0,2,2,1.0,1.0,4.0,0.25,0.458,-0.208
203996,Damien Inglis,1610612749,MIL,F,20.0,4,4,1.0,2.0,4.0,0.5,0.37,0.13
1626273,Marcelo Huertas,1610612747,LAL,G,32.0,8,8,1.0,2.38,4.0,0.594,0.437,0.157
202708,Norris Cole,1610612740,NOP,G,27.0,2,2,1.0,3.0,4.0,0.75,0.401,0.35
203937,Kyle Anderson,1610612759,SAS,F,22.0,16,16,1.0,1.63,4.0,0.406,0.406,0.0
203961,Eric Moreland,1610612758,SAC,F-C,23.0,2,2,1.0,1.0,4.0,0.25,0.407,-0.157
203501,Tim Hardaway Jr.,1610612737,ATL,G,23.0,4,4,1.0,2.0,4.0,0.5,0.424,0.076
202682,Derrick Williams,1610612752,NYK,F,24.0,15,15,1.0,2.07,4.0,0.517,0.407,0.11
203101,Miles Plumlee,1610612749,MIL,C,27.0,12,12,1.0,2.0,3.83,0.522,0.427,0.095
1938,Manu Ginobili,1610612759,SAS,G,38.0,15,15,1.0,1.4,3.73,0.375,0.438,-0.063
203123,Kostas Papanikolaou,1610612743,DEN,F,25.0,10,10,1.0,1.5,3.7,0.405,0.449,-0.044
203142,Chris Copeland,1610612749,MIL,F,31.0,13,13,1.0,2.0,3.69,0.542,0.403,0.139
204014,Damjan Rudez,1610612750,MIN,F,29.0,6,6,1.0,1.33,3.67,0.364,0.42,-0.057
203900,Markel Brown,1610612751,BKN,G,23.0,6,6,1.0,2.17,3.67,0.591,0.415,0.176
2570,Kendrick Perkins,1610612740,NOP,C,31.0,3,3,1.0,2.67,3.67,0.727,0.545,0.182
202341,James Anderson,1610612758,SAC,G-F,26.0,9,9,1.0,1.78,3.67,0.485,0.446,0.039
202714,Shelvin Mack,1610612737,ATL,G,25.0,7,7,1.0,2.0,3.57,0.56,0.417,0.143
203098,John Jenkins,1610612742,DAL,G,24.0,7,7,1.0,1.29,3.57,0.36,0.419,-0.059
203481,Jeff Withey,1610612762,UTA,C,25.0,7,7,1.0,1.71,3.57,0.48,0.466,0.014
201580,JaVale McGee,1610612742,DAL,C,27.0,4,4,1.0,2.25,3.5,0.643,0.518,0.124
2034,Mike Miller,1610612743,DEN,G-F,35.0,10,10,1.0,1.6,3.5,0.457,0.42,0.037
2446,Rasual Butler,1610612759,SAS,F,36.0,14,14,1.0,1.29,3.5,0.367,0.397,-0.029
2571,Leandro Barbosa,1610612744,GSW,G,33.0,17,17,1.0,1.53,3.47,0.441,0.444,-0.003
204060,Joe Ingles,1610612762,UTA,F,28.0,16,16,1.0,1.44,3.44,0.418,0.42,-0.002
2406,Caron Butler,1610612758,SAC,F,35.0,6,6,1.0,2.0,3.33,0.6,0.454,0.147
1626166,Cameron Payne,1610612760,OKC,G,21.0,4,4,1.0,2.25,3.25,0.692,0.411,0.282
203461,Anthony Bennett,1610612761,TOR,F,22.0,4,4,1.0,2.25,3.25,0.692,0.415,0.278
1626147,Justin Anderson,1610612742,DAL,G-F,22.0,11,11,1.0,1.45,3.09,0.471,0.391,0.08
1626151,Aaron Harrison,1610612766,CHA,G,21.0,1,1,1.0,0.0,3.0,0.0,0.474,-0.474
1626199,Darrun Hilliard,1610612765,DET,F,22.0,1,1,1.0,1.0,3.0,0.333,0.424,-0.091
202332,Cole Aldrich,1610612746,LAC,C,27.0,2,2,1.0,2.0,3.0,0.667,0.38,0.286
2617,Udonis Haslem,1610612748,MIA,F,35.0,3,3,1.0,1.33,3.0,0.444,0.411,0.033
203893,Russ Smith,1610612763,MEM,G,24.0,5,5,1.0,1.8,3.0,0.6,0.481,0.119
2588,Matt Bonner,1610612759,SAS,C-F,35.0,3,3,1.0,0.67,3.0,0.222,0.356,-0.134
201946,Tyler Hansbrough,1610612766,CHA,F,30.0,5,5,1.0,1.8,3.0,0.6,0.458,0.142
2405,Amar'e Stoudemire,1610612748,MIA,F-C,33.0,2,2,1.0,1.5,3.0,0.5,0.466,0.034
1626155,Sam Dekker,1610612745,HOU,F,21.0,1,1,1.0,1.0,3.0,0.333,0.443,-0.11
201574,Jason Thompson,1610612744,GSW,F-C,29.0,9,9,1.0,1.44,3.0,0.481,0.446,0.035
203946,Cameron Bairstow,1610612741,CHI,F-C,24.0,2,2,1.0,1.0,3.0,0.333,0.4,-0.067
203956,Mitch McGary,1610612760,OKC,F,23.0,5,5,1.0,1.4,3.0,0.467,0.436,0.031
1626154,RJ Hunter,1610612738,BOS,G,22.0,9,9,1.0,1.56,2.89,0.538,0.397,0.141
203148,Brian Roberts,1610612766,CHA,G,30.0,7,7,1.0,1.14,2.86,0.4,0.42,-0.02
203508,Sergey Karasev,1610612751,BKN,G-F,22.0,7,7,1.0,1.71,2.86,0.6,0.444,0.156
1626181,Norman Powell,1610612761,TOR,G,22.0,6,6,1.0,1.33,2.83,0.471,0.394,0.076
203546,Ian Clark,1610612744,GSW,G,24.0,11,11,1.0,1.36,2.82,0.484,0.432,0.051
203187,Chris Johnson,1610612762,UTA,F,25.0,5,5,1.0,1.0,2.8,0.357,0.453,-0.096
202407,Elijah Millsap,1610612762,UTA,G-F,28.0,6,6,1.0,1.0,2.67,0.375,0.414,-0.039
2592,James Jones,1610612739,CLE,G-F,35.0,16,16,1.0,1.13,2.63,0.429,0.439,-0.011
203919,Jordan Adams,1610612763,MEM,G,21.0,2,2,1.0,1.5,2.5,0.6,0.466,0.134
201975,Jodie Meeks,1610612765,DET,G,28.0,2,2,1.0,0.0,2.5,0.0,0.475,-0.475
1626173,Rashad Vaughn,1610612749,MIL,G,19.0,11,11,1.0,1.0,2.45,0.407,0.389,0.019
203552,Seth Curry,1610612758,SAC,G,25.0,7,7,1.0,1.29,2.43,0.529,0.471,0.058
1626179,Terry Rozier,1610612738,BOS,G,21.0,10,10,1.0,1.2,2.4,0.5,0.421,0.079
2365,Chris Andersen,1610612748,MIA,F-C,37.0,3,3,1.0,0.67,2.33,0.286,0.462,-0.177
1626202,Joe Young,1610612754,IND,G,23.0,4,4,1.0,1.5,2.25,0.667,0.484,0.183
203909,KJ McDaniels,1610612745,HOU,G-F,22.0,4,4,1.0,0.75,2.25,0.333,0.421,-0.088
203949,James Michael McAdoo,1610612744,GSW,F,22.0,10,10,1.0,1.1,2.2,0.5,0.395,0.105
204002,Walter Tavares,1610612737,ATL,C,23.0,1,1,1.0,2.0,2.0,1.0,0.42,0.58
202353,Tibor Pleiss,1610612762,UTA,C,26.0,1,1,1.0,1.0,2.0,0.5,0.5,0.0
204025,Tim Frazier,1610612757,POR,G,25.0,6,6,1.0,0.5,2.0,0.25,0.404,-0.154
203925,Joe Harris,1610612739,CLE,G,24.0,3,3,1.0,1.67,2.0,0.833,0.403,0.43
1626146,Cliff Alexander,1610612757,POR,F,20.0,6,6,1.0,0.83,2.0,0.417,0.487,-0.071
201603,Sonny Weems,1610612756,PHX,G-F,29.0,8,8,1.0,0.88,2.0,0.438,0.406,0.032
203493,Reggie Bullock,1610612765,DET,F,24.0,8,8,1.0,1.25,2.0,0.625,0.412,0.213
1626246,Boban Marjanovic,1610612759,SAS,C,27.0,7,7,1.0,0.71,2.0,0.357,0.466,-0.109
203492,Ray McCallum,1610612759,SAS,G,24.0,5,5,1.0,0.4,1.8,0.222,0.335,-0.112
202690,Jimmer Fredette,1610612740,NOP,G,26.0,3,3,1.0,1.33,1.67,0.8,0.476,0.324
203950,Jarnell Stokes,1610612748,MIA,F-C,21.0,2,2,1.0,0.5,1.5,0.333,0.361,-0.028
1626148,Anthony Brown,1610612747,LAL,F,23.0,2,2,1.0,0.5,1.5,0.333,0.41,-0.077
201619,Sasha Kaun,1610612739,CLE,C,30.0,4,4,1.0,1.0,1.5,0.667,0.456,0.21
203584,Troy Daniels,1610612766,CHA,G,24.0,5,5,1.0,0.2,1.4,0.143,0.465,-0.322
203921,Cleanthony Early,1610612752,NYK,F,24.0,3,3,1.0,0.0,1.33,0.0,0.385,-0.385
203906,Devyn Marble,1610612753,ORL,F,23.0,3,3,1.0,0.33,1.0,0.333,0.397,-0.064
200779,Steve Novak,1610612760,OKC,F,32.0,1,1,1.0,1.0,1.0,1.0,0.489,0.511
203516,James Ennis,1610612763,MEM,F,25.0,1,1,1.0,1.0,1.0,1.0,0.465,0.535
1626153,Delon Wright,1610612761,TOR,G,23.0,2,2,1.0,0.0,1.0,0.0,0.397,-0.397
1626175,Jordan Mickey,1610612738,BOS,F,21.0,1,1,1.0,1.0,1.0,1.0,0.419,0.581
201202,Joel Anthony,1610612765,DET,C,33.0,2,2,1.0,1.0,1.0,1.0,0.757,0.243
1626245,Cristiano Felicio,1610612741,CHI,F-C,23.0,1,1,1.0,0.0,1.0,0.0,0.154,-0.154
203923,James Young,1610612738,BOS,G-F,20.0,2,2,1.0,1.0,1.0,1.0,0.46,0.54
